
Note: No compatibility mode selected!


Circuit: * analog measurement system

Doing analysis at TEMP = 27.000000 and TNOM = 27.000000

Using SPARSE 1.3 as Direct Linear Solver

Initial Transient Solution
--------------------------

Node                                   Voltage
----                                   -------
in                                           0
out                                          0
vsignal#branch                               0


No. of Data Rows : 5008
                          * analog measurement system
                          Transient Analysis  Mon Sep 14 20:00:02  2026
--------------------------------------------------------------------------------
Index   time            v(in)           v(out)          
--------------------------------------------------------------------------------
0	0.000000e+00	0.000000e+00	0.000000e+00	
1	1.000000e-08	6.283185e-07	6.282557e-11	
2	2.000000e-08	1.256637e-06	1.884704e-10	
3	4.000000e-08	2.513274e-06	5.653862e-10	
4	8.000000e-08	5.026548e-06	2.072823e-09	
5	1.600000e-07	1.005309e-05	8.100611e-09	
6	3.200000e-07	2.010618e-05	3.219579e-08	
7	6.400000e-07	4.021228e-05	1.284483e-07	
8	1.280000e-06	8.042390e-05	5.124333e-07	
9	2.280000e-06	1.432517e-04	1.620148e-06	
10	3.280000e-06	2.060739e-04	3.341966e-06	
11	4.280000e-06	2.688879e-04	5.671707e-06	
12	5.280000e-06	3.316913e-04	8.603228e-06	
13	6.280000e-06	3.944817e-04	1.213042e-05	
14	7.280000e-06	4.572564e-04	1.624723e-05	
15	8.280000e-06	5.200131e-04	2.094760e-05	
16	9.280000e-06	5.827493e-04	2.622555e-05	
17	1.028000e-05	6.454624e-04	3.207510e-05	
18	1.128000e-05	7.081501e-04	3.849034e-05	
19	1.228000e-05	7.708098e-04	4.546536e-05	
20	1.328000e-05	8.334391e-04	5.299430e-05	
21	1.428000e-05	8.960355e-04	6.107135e-05	
22	1.528000e-05	9.585965e-04	6.969070e-05	
23	1.628000e-05	1.021120e-03	7.884659e-05	
24	1.728000e-05	1.083603e-03	8.853330e-05	
25	1.828000e-05	1.146043e-03	9.874514e-05	
26	1.928000e-05	1.208437e-03	1.094764e-04	
27	2.028000e-05	1.270785e-03	1.207216e-04	
28	2.128000e-05	1.333082e-03	1.324749e-04	
29	2.228000e-05	1.395326e-03	1.447309e-04	
30	2.328000e-05	1.457515e-03	1.574840e-04	
31	2.428000e-05	1.519647e-03	1.707288e-04	
32	2.528000e-05	1.581719e-03	1.844597e-04	
33	2.628000e-05	1.643728e-03	1.986712e-04	
34	2.728000e-05	1.705672e-03	2.133581e-04	
35	2.828000e-05	1.767549e-03	2.285148e-04	
36	2.928000e-05	1.829356e-03	2.441361e-04	
37	3.028000e-05	1.891092e-03	2.602166e-04	
38	3.128000e-05	1.952752e-03	2.767510e-04	
39	3.228000e-05	2.014335e-03	2.937340e-04	
40	3.328000e-05	2.075839e-03	3.111604e-04	
41	3.428000e-05	2.137261e-03	3.290250e-04	
42	3.528000e-05	2.198598e-03	3.473225e-04	
43	3.628000e-05	2.259849e-03	3.660479e-04	
44	3.728000e-05	2.321010e-03	3.851960e-04	
45	3.828000e-05	2.382080e-03	4.047616e-04	
46	3.928000e-05	2.443056e-03	4.247398e-04	
47	4.028000e-05	2.503935e-03	4.451254e-04	
48	4.128000e-05	2.564716e-03	4.659135e-04	
49	4.228000e-05	2.625395e-03	4.870990e-04	
50	4.328000e-05	2.685970e-03	5.086769e-04	
51	4.428000e-05	2.746440e-03	5.306424e-04	
52	4.528000e-05	2.806801e-03	5.529904e-04	
53	4.628000e-05	2.867051e-03	5.757162e-04	
54	4.728000e-05	2.927189e-03	5.988147e-04	

Index   time            v(in)           v(out)          
--------------------------------------------------------------------------------
55	4.828000e-05	2.987210e-03	6.222812e-04	
56	4.928000e-05	3.047114e-03	6.461109e-04	
57	5.028000e-05	3.106897e-03	6.702989e-04	
58	5.128000e-05	3.166558e-03	6.948405e-04	
59	5.228000e-05	3.226093e-03	7.197309e-04	
60	5.328000e-05	3.285502e-03	7.449654e-04	
61	5.428000e-05	3.344780e-03	7.705392e-04	
62	5.528000e-05	3.403927e-03	7.964478e-04	
63	5.628000e-05	3.462939e-03	8.226865e-04	
64	5.728000e-05	3.521814e-03	8.492506e-04	
65	5.828000e-05	3.580551e-03	8.761355e-04	
66	5.928000e-05	3.639146e-03	9.033366e-04	
67	6.028000e-05	3.697597e-03	9.308494e-04	
68	6.128000e-05	3.755903e-03	9.586693e-04	
69	6.228000e-05	3.814060e-03	9.867918e-04	
70	6.328000e-05	3.872066e-03	1.015212e-03	
71	6.428000e-05	3.929920e-03	1.043927e-03	
72	6.528000e-05	3.987619e-03	1.072930e-03	
73	6.628000e-05	4.045160e-03	1.102218e-03	
74	6.728000e-05	4.102541e-03	1.131787e-03	
75	6.828000e-05	4.159761e-03	1.161631e-03	
76	6.928000e-05	4.216816e-03	1.191747e-03	
77	7.028000e-05	4.273705e-03	1.222130e-03	
78	7.128000e-05	4.330425e-03	1.252776e-03	
79	7.228000e-05	4.386974e-03	1.283681e-03	
80	7.328000e-05	4.443350e-03	1.314840e-03	
81	7.428000e-05	4.499550e-03	1.346249e-03	
82	7.528000e-05	4.555573e-03	1.377904e-03	
83	7.628000e-05	4.611416e-03	1.409800e-03	
84	7.728000e-05	4.667077e-03	1.441934e-03	
85	7.828000e-05	4.722554e-03	1.474301e-03	
86	7.928000e-05	4.777844e-03	1.506897e-03	
87	8.028000e-05	4.832946e-03	1.539718e-03	
88	8.128000e-05	4.887857e-03	1.572760e-03	
89	8.228000e-05	4.942575e-03	1.606018e-03	
90	8.328000e-05	4.997098e-03	1.639489e-03	
91	8.428000e-05	5.051423e-03	1.673168e-03	
92	8.528000e-05	5.105549e-03	1.707052e-03	
93	8.628000e-05	5.159474e-03	1.741136e-03	
94	8.728000e-05	5.213195e-03	1.775417e-03	
95	8.828000e-05	5.266710e-03	1.809890e-03	
96	8.928000e-05	5.320017e-03	1.844551e-03	
97	9.028000e-05	5.373114e-03	1.879397e-03	
98	9.128000e-05	5.425999e-03	1.914423e-03	
99	9.228000e-05	5.478670e-03	1.949627e-03	
100	9.328000e-05	5.531124e-03	1.985002e-03	
101	9.428000e-05	5.583360e-03	2.020547e-03	
102	9.528000e-05	5.635376e-03	2.056257e-03	
103	9.628000e-05	5.687169e-03	2.092128e-03	
104	9.728000e-05	5.738738e-03	2.128156e-03	
105	9.828000e-05	5.790080e-03	2.164337e-03	
106	9.928000e-05	5.841193e-03	2.200669e-03	
107	1.002800e-04	5.892076e-03	2.237146e-03	
108	1.012800e-04	5.942727e-03	2.273765e-03	
109	1.022800e-04	5.993142e-03	2.310523e-03	
110	1.032800e-04	6.043322e-03	2.347416e-03	
111	1.042800e-04	6.093262e-03	2.384440e-03	
112	1.052800e-04	6.142962e-03	2.421590e-03	

Index   time            v(in)           v(out)          
--------------------------------------------------------------------------------
113	1.062800e-04	6.192420e-03	2.458865e-03	
114	1.072800e-04	6.241633e-03	2.496260e-03	
115	1.082800e-04	6.290599e-03	2.533771e-03	
116	1.092800e-04	6.339318e-03	2.571395e-03	
117	1.102800e-04	6.387786e-03	2.609127e-03	
118	1.112800e-04	6.436001e-03	2.646966e-03	
119	1.122800e-04	6.483963e-03	2.684906e-03	
120	1.132800e-04	6.531669e-03	2.722945e-03	
121	1.142800e-04	6.579117e-03	2.761079e-03	
122	1.152800e-04	6.626305e-03	2.799304e-03	
123	1.162800e-04	6.673232e-03	2.837617e-03	
124	1.172800e-04	6.719895e-03	2.876015e-03	
125	1.182800e-04	6.766293e-03	2.914493e-03	
126	1.192800e-04	6.812423e-03	2.953049e-03	
127	1.202800e-04	6.858285e-03	2.991679e-03	
128	1.212800e-04	6.903876e-03	3.030379e-03	
129	1.222800e-04	6.949195e-03	3.069147e-03	
130	1.232800e-04	6.994239e-03	3.107979e-03	
131	1.242800e-04	7.039007e-03	3.146871e-03	
132	1.252800e-04	7.083497e-03	3.185820e-03	
133	1.262800e-04	7.127707e-03	3.224823e-03	
134	1.272800e-04	7.171637e-03	3.263876e-03	
135	1.282800e-04	7.215282e-03	3.302976e-03	
136	1.292800e-04	7.258644e-03	3.342120e-03	
137	1.302800e-04	7.301718e-03	3.381305e-03	
138	1.312800e-04	7.344504e-03	3.420527e-03	
139	1.322800e-04	7.387001e-03	3.459783e-03	
140	1.332800e-04	7.429206e-03	3.499070e-03	
141	1.342800e-04	7.471117e-03	3.538384e-03	
142	1.352800e-04	7.512733e-03	3.577723e-03	
143	1.362800e-04	7.554053e-03	3.617083e-03	
144	1.372800e-04	7.595075e-03	3.656461e-03	
145	1.382800e-04	7.635797e-03	3.695853e-03	
146	1.392800e-04	7.676217e-03	3.735258e-03	
147	1.402800e-04	7.716335e-03	3.774671e-03	
148	1.412800e-04	7.756147e-03	3.814090e-03	
149	1.422800e-04	7.795654e-03	3.853511e-03	
150	1.432800e-04	7.834853e-03	3.892931e-03	
151	1.442800e-04	7.873742e-03	3.932348e-03	
152	1.452800e-04	7.912321e-03	3.971757e-03	
153	1.462800e-04	7.950587e-03	4.011157e-03	
154	1.472800e-04	7.988539e-03	4.050544e-03	
155	1.482800e-04	8.026176e-03	4.089916e-03	
156	1.492800e-04	8.063496e-03	4.129268e-03	
157	1.502800e-04	8.100498e-03	4.168599e-03	
158	1.512800e-04	8.137180e-03	4.207905e-03	
159	1.522800e-04	8.173541e-03	4.247183e-03	
160	1.532800e-04	8.209579e-03	4.286430e-03	
161	1.542800e-04	8.245293e-03	4.325644e-03	
162	1.552800e-04	8.280682e-03	4.364822e-03	
163	1.562800e-04	8.315743e-03	4.403960e-03	
164	1.572800e-04	8.350476e-03	4.443056e-03	
165	1.582800e-04	8.384880e-03	4.482107e-03	
166	1.592800e-04	8.418953e-03	4.521110e-03	
167	1.602800e-04	8.452693e-03	4.560063e-03	
168	1.612800e-04	8.486099e-03	4.598961e-03	
169	1.622800e-04	8.519171e-03	4.637804e-03	
170	1.632800e-04	8.551906e-03	4.676587e-03	

Index   time            v(in)           v(out)          
--------------------------------------------------------------------------------
171	1.642800e-04	8.584304e-03	4.715309e-03	
172	1.652800e-04	8.616362e-03	4.753966e-03	
173	1.662800e-04	8.648081e-03	4.792555e-03	
174	1.672800e-04	8.679458e-03	4.831075e-03	
175	1.682800e-04	8.710493e-03	4.869522e-03	
176	1.692800e-04	8.741183e-03	4.907893e-03	
177	1.702800e-04	8.771529e-03	4.946186e-03	
178	1.712800e-04	8.801528e-03	4.984399e-03	
179	1.722800e-04	8.831180e-03	5.022528e-03	
180	1.732800e-04	8.860483e-03	5.060570e-03	
181	1.742800e-04	8.889436e-03	5.098524e-03	
182	1.752800e-04	8.918038e-03	5.136387e-03	
183	1.762800e-04	8.946289e-03	5.174156e-03	
184	1.772800e-04	8.974186e-03	5.211829e-03	
185	1.782800e-04	9.001729e-03	5.249402e-03	
186	1.792800e-04	9.028916e-03	5.286874e-03	
187	1.802800e-04	9.055747e-03	5.324242e-03	
188	1.812800e-04	9.082221e-03	5.361503e-03	
189	1.822800e-04	9.108336e-03	5.398655e-03	
190	1.832800e-04	9.134091e-03	5.435695e-03	
191	1.842800e-04	9.159486e-03	5.472621e-03	
192	1.852800e-04	9.184519e-03	5.509431e-03	
193	1.862800e-04	9.209190e-03	5.546122e-03	
194	1.872800e-04	9.233497e-03	5.582691e-03	
195	1.882800e-04	9.257439e-03	5.619137e-03	
196	1.892800e-04	9.281016e-03	5.655456e-03	
197	1.902800e-04	9.304227e-03	5.691647e-03	
198	1.912800e-04	9.327070e-03	5.727707e-03	
199	1.922800e-04	9.349545e-03	5.763633e-03	
200	1.932800e-04	9.371651e-03	5.799424e-03	
201	1.942800e-04	9.393387e-03	5.835076e-03	
202	1.952800e-04	9.414753e-03	5.870589e-03	
203	1.962800e-04	9.435746e-03	5.905959e-03	
204	1.972800e-04	9.456367e-03	5.941183e-03	
205	1.982800e-04	9.476615e-03	5.976261e-03	
206	1.992800e-04	9.496488e-03	6.011189e-03	
207	2.002800e-04	9.515987e-03	6.045966e-03	
208	2.012800e-04	9.535110e-03	6.080589e-03	
209	2.022800e-04	9.553856e-03	6.115055e-03	
210	2.032800e-04	9.572226e-03	6.149364e-03	
211	2.042800e-04	9.590217e-03	6.183511e-03	
212	2.052800e-04	9.607830e-03	6.217497e-03	
213	2.062800e-04	9.625064e-03	6.251317e-03	
214	2.072800e-04	9.641917e-03	6.284970e-03	
215	2.082800e-04	9.658390e-03	6.318455e-03	
216	2.092800e-04	9.674482e-03	6.351768e-03	
217	2.102800e-04	9.690192e-03	6.384908e-03	
218	2.112800e-04	9.705519e-03	6.417873e-03	
219	2.122800e-04	9.720463e-03	6.450660e-03	
220	2.132800e-04	9.735023e-03	6.483268e-03	
221	2.142800e-04	9.749199e-03	6.515694e-03	
222	2.152800e-04	9.762990e-03	6.547937e-03	
223	2.162800e-04	9.776396e-03	6.579994e-03	
224	2.172800e-04	9.789416e-03	6.611864e-03	
225	2.182800e-04	9.802049e-03	6.643544e-03	
226	2.192800e-04	9.814295e-03	6.675033e-03	
227	2.202800e-04	9.826154e-03	6.706328e-03	
228	2.212800e-04	9.837625e-03	6.737429e-03	

Index   time            v(in)           v(out)          
--------------------------------------------------------------------------------
229	2.222800e-04	9.848707e-03	6.768331e-03	
230	2.232800e-04	9.859401e-03	6.799035e-03	
231	2.242800e-04	9.869705e-03	6.829538e-03	
232	2.252800e-04	9.879620e-03	6.859838e-03	
233	2.262800e-04	9.889145e-03	6.889933e-03	
234	2.272800e-04	9.898279e-03	6.919821e-03	
235	2.282800e-04	9.907023e-03	6.949501e-03	
236	2.292800e-04	9.915376e-03	6.978970e-03	
237	2.302800e-04	9.923337e-03	7.008228e-03	
238	2.312800e-04	9.930906e-03	7.037272e-03	
239	2.322800e-04	9.938083e-03	7.066100e-03	
240	2.332800e-04	9.944868e-03	7.094711e-03	
241	2.342800e-04	9.951260e-03	7.123102e-03	
242	2.352800e-04	9.957260e-03	7.151273e-03	
243	2.362800e-04	9.962866e-03	7.179221e-03	
244	2.372800e-04	9.968079e-03	7.206945e-03	
245	2.382800e-04	9.972899e-03	7.234443e-03	
246	2.392800e-04	9.977325e-03	7.261713e-03	
247	2.402800e-04	9.981357e-03	7.288754e-03	
248	2.412800e-04	9.984994e-03	7.315564e-03	
249	2.422800e-04	9.988238e-03	7.342142e-03	
250	2.432800e-04	9.991087e-03	7.368486e-03	
251	2.442800e-04	9.993542e-03	7.394593e-03	
252	2.452800e-04	9.995603e-03	7.420464e-03	
253	2.462800e-04	9.997269e-03	7.446095e-03	
254	2.472800e-04	9.998540e-03	7.471486e-03	
255	2.482800e-04	9.999416e-03	7.496636e-03	
256	2.492800e-04	9.999898e-03	7.521541e-03	
257	2.502800e-04	9.999985e-03	7.546202e-03	
258	2.512800e-04	9.999677e-03	7.570616e-03	
259	2.522800e-04	9.998974e-03	7.594782e-03	
260	2.532800e-04	9.997876e-03	7.618699e-03	
261	2.542800e-04	9.996384e-03	7.642365e-03	
262	2.552800e-04	9.994498e-03	7.665779e-03	
263	2.562800e-04	9.992216e-03	7.688939e-03	
264	2.572800e-04	9.989540e-03	7.711844e-03	
265	2.582800e-04	9.986470e-03	7.734492e-03	
266	2.592800e-04	9.983006e-03	7.756883e-03	
267	2.602800e-04	9.979147e-03	7.779014e-03	
268	2.612800e-04	9.974895e-03	7.800885e-03	
269	2.622800e-04	9.970248e-03	7.822494e-03	
270	2.632800e-04	9.965208e-03	7.843839e-03	
271	2.642800e-04	9.959775e-03	7.864920e-03	
272	2.652800e-04	9.953949e-03	7.885736e-03	
273	2.662800e-04	9.947729e-03	7.906284e-03	
274	2.672800e-04	9.941117e-03	7.926564e-03	
275	2.682800e-04	9.934112e-03	7.946574e-03	
276	2.692800e-04	9.926715e-03	7.966314e-03	
277	2.702800e-04	9.918927e-03	7.985782e-03	
278	2.712800e-04	9.910746e-03	8.004976e-03	
279	2.722800e-04	9.902175e-03	8.023897e-03	
280	2.732800e-04	9.893212e-03	8.042541e-03	
281	2.742800e-04	9.883859e-03	8.060909e-03	
282	2.752800e-04	9.874116e-03	8.079000e-03	
283	2.762800e-04	9.863983e-03	8.096811e-03	
284	2.772800e-04	9.853460e-03	8.114343e-03	
285	2.782800e-04	9.842549e-03	8.131593e-03	
286	2.792800e-04	9.831249e-03	8.148561e-03	

Index   time            v(in)           v(out)          
--------------------------------------------------------------------------------
287	2.802800e-04	9.819561e-03	8.165246e-03	
288	2.812800e-04	9.807485e-03	8.181647e-03	
289	2.822800e-04	9.795022e-03	8.197762e-03	
290	2.832800e-04	9.782172e-03	8.213592e-03	
291	2.842800e-04	9.768936e-03	8.229134e-03	
292	2.852800e-04	9.755315e-03	8.244387e-03	
293	2.862800e-04	9.741308e-03	8.259352e-03	
294	2.872800e-04	9.726917e-03	8.274026e-03	
295	2.882800e-04	9.712142e-03	8.288409e-03	
296	2.892800e-04	9.696983e-03	8.302500e-03	
297	2.902800e-04	9.681441e-03	8.316298e-03	
298	2.912800e-04	9.665518e-03	8.329803e-03	
299	2.922800e-04	9.649212e-03	8.343012e-03	
300	2.932800e-04	9.632526e-03	8.355926e-03	
301	2.942800e-04	9.615460e-03	8.368544e-03	
302	2.952800e-04	9.598014e-03	8.380864e-03	
303	2.962800e-04	9.580189e-03	8.392886e-03	
304	2.972800e-04	9.561986e-03	8.404610e-03	
305	2.982800e-04	9.543405e-03	8.416033e-03	
306	2.992800e-04	9.524447e-03	8.427157e-03	
307	3.002800e-04	9.505114e-03	8.437979e-03	
308	3.012800e-04	9.485405e-03	8.448499e-03	
309	3.022800e-04	9.465322e-03	8.458717e-03	
310	3.032800e-04	9.444865e-03	8.468631e-03	
311	3.042800e-04	9.424036e-03	8.478241e-03	
312	3.052800e-04	9.402834e-03	8.487546e-03	
313	3.062800e-04	9.381261e-03	8.496546e-03	
314	3.072800e-04	9.359317e-03	8.505240e-03	
315	3.082800e-04	9.337005e-03	8.513628e-03	
316	3.092800e-04	9.314323e-03	8.521708e-03	
317	3.102800e-04	9.291274e-03	8.529480e-03	
318	3.112800e-04	9.267858e-03	8.536943e-03	
319	3.122800e-04	9.244076e-03	8.544098e-03	
320	3.132800e-04	9.219930e-03	8.550942e-03	
321	3.142800e-04	9.195419e-03	8.557477e-03	
322	3.152800e-04	9.170545e-03	8.563701e-03	
323	3.162800e-04	9.145309e-03	8.569614e-03	
324	3.172800e-04	9.119712e-03	8.575215e-03	
325	3.182800e-04	9.093756e-03	8.580503e-03	
326	3.192800e-04	9.067440e-03	8.585480e-03	
327	3.202800e-04	9.040766e-03	8.590142e-03	
328	3.212800e-04	9.013735e-03	8.594492e-03	
329	3.222800e-04	8.986348e-03	8.598527e-03	
330	3.232800e-04	8.958607e-03	8.602248e-03	
331	3.242800e-04	8.930512e-03	8.605654e-03	
332	3.252800e-04	8.902064e-03	8.608745e-03	
333	3.262800e-04	8.873265e-03	8.611520e-03	
334	3.272800e-04	8.844116e-03	8.613980e-03	
335	3.282800e-04	8.814618e-03	8.616123e-03	
336	3.292800e-04	8.784771e-03	8.617949e-03	
337	3.302800e-04	8.754578e-03	8.619459e-03	
338	3.312800e-04	8.724039e-03	8.620652e-03	
339	3.322800e-04	8.693156e-03	8.621527e-03	
340	3.332800e-04	8.661929e-03	8.622084e-03	
341	3.342800e-04	8.630361e-03	8.622324e-03	
342	3.352800e-04	8.598451e-03	8.622245e-03	
343	3.362800e-04	8.566203e-03	8.621848e-03	
344	3.372800e-04	8.533616e-03	8.621132e-03	

Index   time            v(in)           v(out)          
--------------------------------------------------------------------------------
345	3.382800e-04	8.500692e-03	8.620097e-03	
346	3.392800e-04	8.467433e-03	8.618744e-03	
347	3.402800e-04	8.433839e-03	8.617071e-03	
348	3.412800e-04	8.399913e-03	8.615079e-03	
349	3.422800e-04	8.365655e-03	8.612767e-03	
350	3.432800e-04	8.331066e-03	8.610137e-03	
351	3.442800e-04	8.296149e-03	8.607186e-03	
352	3.452800e-04	8.260904e-03	8.603916e-03	
353	3.462800e-04	8.225333e-03	8.600326e-03	
354	3.472800e-04	8.189438e-03	8.596416e-03	
355	3.482800e-04	8.153219e-03	8.592186e-03	
356	3.492800e-04	8.116678e-03	8.587637e-03	
357	3.502800e-04	8.079817e-03	8.582767e-03	
358	3.512800e-04	8.042636e-03	8.577578e-03	
359	3.522800e-04	8.005139e-03	8.572068e-03	
360	3.532800e-04	7.967325e-03	8.566239e-03	
361	3.542800e-04	7.929196e-03	8.560090e-03	
362	3.552800e-04	7.890755e-03	8.553621e-03	
363	3.562800e-04	7.852002e-03	8.546833e-03	
364	3.572800e-04	7.812939e-03	8.539725e-03	
365	3.582800e-04	7.773568e-03	8.532297e-03	
366	3.592800e-04	7.733890e-03	8.524550e-03	
367	3.602800e-04	7.693906e-03	8.516484e-03	
368	3.612800e-04	7.653619e-03	8.508099e-03	
369	3.622800e-04	7.613030e-03	8.499394e-03	
370	3.632800e-04	7.572140e-03	8.490371e-03	
371	3.642800e-04	7.530951e-03	8.481030e-03	
372	3.652800e-04	7.489465e-03	8.471370e-03	
373	3.662800e-04	7.447683e-03	8.461392e-03	
374	3.672800e-04	7.405607e-03	8.451096e-03	
375	3.682800e-04	7.363239e-03	8.440482e-03	
376	3.692800e-04	7.320580e-03	8.429551e-03	
377	3.702800e-04	7.277632e-03	8.418303e-03	
378	3.712800e-04	7.234397e-03	8.406738e-03	
379	3.722800e-04	7.190876e-03	8.394856e-03	
380	3.732800e-04	7.147071e-03	8.382658e-03	
381	3.742800e-04	7.102984e-03	8.370145e-03	
382	3.752800e-04	7.058617e-03	8.357315e-03	
383	3.762800e-04	7.013971e-03	8.344171e-03	
384	3.772800e-04	6.969048e-03	8.330712e-03	
385	3.782800e-04	6.923850e-03	8.316938e-03	
386	3.792800e-04	6.878379e-03	8.302850e-03	
387	3.802800e-04	6.832636e-03	8.288449e-03	
388	3.812800e-04	6.786623e-03	8.273734e-03	
389	3.822800e-04	6.740343e-03	8.258707e-03	
390	3.832800e-04	6.693796e-03	8.243367e-03	
391	3.842800e-04	6.646985e-03	8.227715e-03	
392	3.852800e-04	6.599912e-03	8.211753e-03	
393	3.862800e-04	6.552578e-03	8.195479e-03	
394	3.872800e-04	6.504985e-03	8.178895e-03	
395	3.882800e-04	6.457136e-03	8.162001e-03	
396	3.892800e-04	6.409032e-03	8.144798e-03	
397	3.902800e-04	6.360674e-03	8.127286e-03	
398	3.912800e-04	6.312066e-03	8.109466e-03	
399	3.922800e-04	6.263208e-03	8.091338e-03	
400	3.932800e-04	6.214104e-03	8.072904e-03	
401	3.942800e-04	6.164753e-03	8.054162e-03	
402	3.952800e-04	6.115160e-03	8.035116e-03	

Index   time            v(in)           v(out)          
--------------------------------------------------------------------------------
403	3.962800e-04	6.065325e-03	8.015764e-03	
404	3.972800e-04	6.015251e-03	7.996107e-03	
405	3.982800e-04	5.964939e-03	7.976147e-03	
406	3.992800e-04	5.914391e-03	7.955883e-03	
407	4.002800e-04	5.863610e-03	7.935317e-03	
408	4.012800e-04	5.812598e-03	7.914450e-03	
409	4.022800e-04	5.761356e-03	7.893281e-03	
410	4.032800e-04	5.709887e-03	7.871811e-03	
411	4.042800e-04	5.658192e-03	7.850043e-03	
412	4.052800e-04	5.606274e-03	7.827975e-03	
413	4.062800e-04	5.554135e-03	7.805609e-03	
414	4.072800e-04	5.501776e-03	7.782946e-03	
415	4.082800e-04	5.449200e-03	7.759986e-03	
416	4.092800e-04	5.396409e-03	7.736730e-03	
417	4.102800e-04	5.343405e-03	7.713180e-03	
418	4.112800e-04	5.290191e-03	7.689335e-03	
419	4.122800e-04	5.236767e-03	7.665197e-03	
420	4.132800e-04	5.183136e-03	7.640767e-03	
421	4.142800e-04	5.129301e-03	7.616045e-03	
422	4.152800e-04	5.075263e-03	7.591033e-03	
423	4.162800e-04	5.021025e-03	7.565730e-03	
424	4.172800e-04	4.966589e-03	7.540139e-03	
425	4.182800e-04	4.911957e-03	7.514260e-03	
426	4.192800e-04	4.857130e-03	7.488093e-03	
427	4.202800e-04	4.802113e-03	7.461641e-03	
428	4.212800e-04	4.746905e-03	7.434903e-03	
429	4.222800e-04	4.691510e-03	7.407882e-03	
430	4.232800e-04	4.635930e-03	7.380576e-03	
431	4.242800e-04	4.580167e-03	7.352989e-03	
432	4.252800e-04	4.524223e-03	7.325121e-03	
433	4.262800e-04	4.468100e-03	7.296972e-03	
434	4.272800e-04	4.411801e-03	7.268544e-03	
435	4.282800e-04	4.355328e-03	7.239837e-03	
436	4.292800e-04	4.298683e-03	7.210854e-03	
437	4.302800e-04	4.241868e-03	7.181594e-03	
438	4.312800e-04	4.184885e-03	7.152060e-03	
439	4.322800e-04	4.127738e-03	7.122251e-03	
440	4.332800e-04	4.070428e-03	7.092170e-03	
441	4.342800e-04	4.012956e-03	7.061817e-03	
442	4.352800e-04	3.955327e-03	7.031194e-03	
443	4.362800e-04	3.897541e-03	7.000300e-03	
444	4.372800e-04	3.839601e-03	6.969139e-03	
445	4.382800e-04	3.781510e-03	6.937710e-03	
446	4.392800e-04	3.723270e-03	6.906016e-03	
447	4.402800e-04	3.664882e-03	6.874056e-03	
448	4.412800e-04	3.606350e-03	6.841833e-03	
449	4.422800e-04	3.547676e-03	6.809347e-03	
450	4.432800e-04	3.488861e-03	6.776600e-03	
451	4.442800e-04	3.429909e-03	6.743593e-03	
452	4.452800e-04	3.370821e-03	6.710327e-03	
453	4.462800e-04	3.311600e-03	6.676803e-03	
454	4.472800e-04	3.252249e-03	6.643023e-03	
455	4.482800e-04	3.192769e-03	6.608988e-03	
456	4.492800e-04	3.133163e-03	6.574700e-03	
457	4.502800e-04	3.073433e-03	6.540158e-03	
458	4.512800e-04	3.013582e-03	6.505366e-03	
459	4.522800e-04	2.953612e-03	6.470323e-03	
460	4.532800e-04	2.893526e-03	6.435032e-03	

Index   time            v(in)           v(out)          
--------------------------------------------------------------------------------
461	4.542800e-04	2.833325e-03	6.399494e-03	
462	4.552800e-04	2.773012e-03	6.363709e-03	
463	4.562800e-04	2.712590e-03	6.327681e-03	
464	4.572800e-04	2.652061e-03	6.291408e-03	
465	4.582800e-04	2.591427e-03	6.254894e-03	
466	4.592800e-04	2.530691e-03	6.218140e-03	
467	4.602800e-04	2.469855e-03	6.181146e-03	
468	4.612800e-04	2.408921e-03	6.143915e-03	
469	4.622800e-04	2.347892e-03	6.106447e-03	
470	4.632800e-04	2.286771e-03	6.068744e-03	
471	4.642800e-04	2.225559e-03	6.030808e-03	
472	4.652800e-04	2.164260e-03	5.992640e-03	
473	4.662800e-04	2.102875e-03	5.954241e-03	
474	4.672800e-04	2.041407e-03	5.915613e-03	
475	4.682800e-04	1.979858e-03	5.876758e-03	
476	4.692800e-04	1.918231e-03	5.837676e-03	
477	4.702800e-04	1.856529e-03	5.798370e-03	
478	4.712800e-04	1.794753e-03	5.758840e-03	
479	4.722800e-04	1.732907e-03	5.719089e-03	
480	4.732800e-04	1.670991e-03	5.679117e-03	
481	4.742800e-04	1.609010e-03	5.638927e-03	
482	4.752800e-04	1.546966e-03	5.598520e-03	
483	4.762800e-04	1.484860e-03	5.557897e-03	
484	4.772800e-04	1.422696e-03	5.517060e-03	
485	4.782800e-04	1.360476e-03	5.476010e-03	
486	4.792800e-04	1.298202e-03	5.434750e-03	
487	4.802800e-04	1.235876e-03	5.393280e-03	
488	4.812800e-04	1.173502e-03	5.351602e-03	
489	4.822800e-04	1.111082e-03	5.309719e-03	
490	4.832800e-04	1.048617e-03	5.267631e-03	
491	4.842800e-04	9.861115e-04	5.225339e-03	
492	4.852800e-04	9.235668e-04	5.182847e-03	
493	4.862800e-04	8.609857e-04	5.140155e-03	
494	4.872800e-04	7.983706e-04	5.097264e-03	
495	4.882800e-04	7.357240e-04	5.054177e-03	
496	4.892800e-04	6.730483e-04	5.010896e-03	
497	4.902800e-04	6.103460e-04	4.967421e-03	
498	4.912800e-04	5.476197e-04	4.923755e-03	
499	4.922800e-04	4.848717e-04	4.879899e-03	
500	4.932800e-04	4.221046e-04	4.835856e-03	
501	4.942800e-04	3.593208e-04	4.791625e-03	
502	4.952800e-04	2.965229e-04	4.747210e-03	
503	4.962800e-04	2.337132e-04	4.702612e-03	
504	4.972800e-04	1.708943e-04	4.657833e-03	
505	4.982800e-04	1.080687e-04	4.612875e-03	
506	4.992800e-04	4.523878e-05	4.567738e-03	
507	5.002800e-04	-1.75929e-05	4.522425e-03	
508	5.012800e-04	-8.04239e-05	4.476938e-03	
509	5.022800e-04	-1.43252e-04	4.431279e-03	
510	5.032800e-04	-2.06074e-04	4.385449e-03	
511	5.042800e-04	-2.68888e-04	4.339449e-03	
512	5.052800e-04	-3.31691e-04	4.293283e-03	
513	5.062800e-04	-3.94482e-04	4.246951e-03	
514	5.072800e-04	-4.57256e-04	4.200455e-03	
515	5.082800e-04	-5.20013e-04	4.153798e-03	
516	5.092800e-04	-5.82749e-04	4.106980e-03	
517	5.102800e-04	-6.45462e-04	4.060004e-03	
518	5.112800e-04	-7.08150e-04	4.012871e-03	

Index   time            v(in)           v(out)          
--------------------------------------------------------------------------------
519	5.122800e-04	-7.70810e-04	3.965584e-03	
520	5.132800e-04	-8.33439e-04	3.918144e-03	
521	5.142800e-04	-8.96035e-04	3.870554e-03	
522	5.152800e-04	-9.58597e-04	3.822814e-03	
523	5.162800e-04	-1.02112e-03	3.774926e-03	
524	5.172800e-04	-1.08360e-03	3.726894e-03	
525	5.182800e-04	-1.14604e-03	3.678717e-03	
526	5.192800e-04	-1.20844e-03	3.630399e-03	
527	5.202800e-04	-1.27078e-03	3.581942e-03	
528	5.212800e-04	-1.33308e-03	3.533346e-03	
529	5.222800e-04	-1.39533e-03	3.484614e-03	
530	5.232800e-04	-1.45752e-03	3.435748e-03	
531	5.242800e-04	-1.51965e-03	3.386750e-03	
532	5.252800e-04	-1.58172e-03	3.337621e-03	
533	5.262800e-04	-1.64373e-03	3.288364e-03	
534	5.272800e-04	-1.70567e-03	3.238980e-03	
535	5.282800e-04	-1.76755e-03	3.189472e-03	
536	5.292800e-04	-1.82936e-03	3.139841e-03	
537	5.302800e-04	-1.89109e-03	3.090089e-03	
538	5.312800e-04	-1.95275e-03	3.040218e-03	
539	5.322800e-04	-2.01434e-03	2.990230e-03	
540	5.332800e-04	-2.07584e-03	2.940128e-03	
541	5.342800e-04	-2.13726e-03	2.889912e-03	
542	5.352800e-04	-2.19860e-03	2.839585e-03	
543	5.362800e-04	-2.25985e-03	2.789149e-03	
544	5.372800e-04	-2.32101e-03	2.738606e-03	
545	5.382800e-04	-2.38208e-03	2.687958e-03	
546	5.392800e-04	-2.44306e-03	2.637206e-03	
547	5.402800e-04	-2.50394e-03	2.586354e-03	
548	5.412800e-04	-2.56472e-03	2.535402e-03	
549	5.422800e-04	-2.62539e-03	2.484352e-03	
550	5.432800e-04	-2.68597e-03	2.433208e-03	
551	5.442800e-04	-2.74644e-03	2.381970e-03	
552	5.452800e-04	-2.80680e-03	2.330640e-03	
553	5.462800e-04	-2.86705e-03	2.279222e-03	
554	5.472800e-04	-2.92719e-03	2.227716e-03	
555	5.482800e-04	-2.98721e-03	2.176125e-03	
556	5.492800e-04	-3.04711e-03	2.124450e-03	
557	5.502800e-04	-3.10690e-03	2.072695e-03	
558	5.512800e-04	-3.16656e-03	2.020859e-03	
559	5.522800e-04	-3.22609e-03	1.968947e-03	
560	5.532800e-04	-3.28550e-03	1.916960e-03	
561	5.542800e-04	-3.34478e-03	1.864899e-03	
562	5.552800e-04	-3.40393e-03	1.812767e-03	
563	5.562800e-04	-3.46294e-03	1.760566e-03	
564	5.572800e-04	-3.52181e-03	1.708298e-03	
565	5.582800e-04	-3.58055e-03	1.655965e-03	
566	5.592800e-04	-3.63915e-03	1.603569e-03	
567	5.602800e-04	-3.69760e-03	1.551112e-03	
568	5.612800e-04	-3.75590e-03	1.498596e-03	
569	5.622800e-04	-3.81406e-03	1.446023e-03	
570	5.632800e-04	-3.87207e-03	1.393395e-03	
571	5.642800e-04	-3.92992e-03	1.340714e-03	
572	5.652800e-04	-3.98762e-03	1.287983e-03	
573	5.662800e-04	-4.04516e-03	1.235203e-03	
574	5.672800e-04	-4.10254e-03	1.182377e-03	
575	5.682800e-04	-4.15976e-03	1.129506e-03	
576	5.692800e-04	-4.21682e-03	1.076593e-03	

Index   time            v(in)           v(out)          
--------------------------------------------------------------------------------
577	5.702800e-04	-4.27370e-03	1.023639e-03	
578	5.712800e-04	-4.33042e-03	9.706469e-04	
579	5.722800e-04	-4.38697e-03	9.176186e-04	
580	5.732800e-04	-4.44335e-03	8.645561e-04	
581	5.742800e-04	-4.49955e-03	8.114615e-04	
582	5.752800e-04	-4.55557e-03	7.583369e-04	
583	5.762800e-04	-4.61142e-03	7.051843e-04	
584	5.772800e-04	-4.66708e-03	6.520059e-04	
585	5.782800e-04	-4.72255e-03	5.988037e-04	
586	5.792800e-04	-4.77784e-03	5.455798e-04	
587	5.802800e-04	-4.83295e-03	4.923363e-04	
588	5.812800e-04	-4.88786e-03	4.390752e-04	
589	5.822800e-04	-4.94257e-03	3.857987e-04	
590	5.832800e-04	-4.99710e-03	3.325088e-04	
591	5.842800e-04	-5.05142e-03	2.792076e-04	
592	5.852800e-04	-5.10555e-03	2.258972e-04	
593	5.862800e-04	-5.15947e-03	1.725797e-04	
594	5.872800e-04	-5.21319e-03	1.192572e-04	
595	5.882800e-04	-5.26671e-03	6.593171e-05	
596	5.892800e-04	-5.32002e-03	1.260540e-05	
597	5.902800e-04	-5.37311e-03	-4.07197e-05	
598	5.912800e-04	-5.42600e-03	-9.40414e-05	
599	5.922800e-04	-5.47867e-03	-1.47358e-04	
600	5.932800e-04	-5.53112e-03	-2.00667e-04	
601	5.942800e-04	-5.58336e-03	-2.53966e-04	
602	5.952800e-04	-5.63538e-03	-3.07253e-04	
603	5.962800e-04	-5.68717e-03	-3.60527e-04	
604	5.972800e-04	-5.73874e-03	-4.13785e-04	
605	5.982800e-04	-5.79008e-03	-4.67025e-04	
606	5.992800e-04	-5.84119e-03	-5.20245e-04	
607	6.002800e-04	-5.89208e-03	-5.73443e-04	
608	6.012800e-04	-5.94273e-03	-6.26617e-04	
609	6.022800e-04	-5.99314e-03	-6.79764e-04	
610	6.032800e-04	-6.04332e-03	-7.32883e-04	
611	6.042800e-04	-6.09326e-03	-7.85972e-04	
612	6.052800e-04	-6.14296e-03	-8.39028e-04	
613	6.062800e-04	-6.19242e-03	-8.92050e-04	
614	6.072800e-04	-6.24163e-03	-9.45035e-04	
615	6.082800e-04	-6.29060e-03	-9.97981e-04	
616	6.092800e-04	-6.33932e-03	-1.05089e-03	
617	6.102800e-04	-6.38779e-03	-1.10375e-03	
618	6.112800e-04	-6.43600e-03	-1.15657e-03	
619	6.122800e-04	-6.48396e-03	-1.20934e-03	
620	6.132800e-04	-6.53167e-03	-1.26206e-03	
621	6.142800e-04	-6.57912e-03	-1.31473e-03	
622	6.152800e-04	-6.62631e-03	-1.36734e-03	
623	6.162800e-04	-6.67323e-03	-1.41991e-03	
624	6.172800e-04	-6.71989e-03	-1.47241e-03	
625	6.182800e-04	-6.76629e-03	-1.52485e-03	
626	6.192800e-04	-6.81242e-03	-1.57724e-03	
627	6.202800e-04	-6.85829e-03	-1.62956e-03	
628	6.212800e-04	-6.90388e-03	-1.68181e-03	
629	6.222800e-04	-6.94919e-03	-1.73400e-03	
630	6.232800e-04	-6.99424e-03	-1.78611e-03	
631	6.242800e-04	-7.03901e-03	-1.83816e-03	
632	6.252800e-04	-7.08350e-03	-1.89013e-03	
633	6.262800e-04	-7.12771e-03	-1.94202e-03	
634	6.272800e-04	-7.17164e-03	-1.99384e-03	

Index   time            v(in)           v(out)          
--------------------------------------------------------------------------------
635	6.282800e-04	-7.21528e-03	-2.04558e-03	
636	6.292800e-04	-7.25864e-03	-2.09724e-03	
637	6.302800e-04	-7.30172e-03	-2.14881e-03	
638	6.312800e-04	-7.34450e-03	-2.20029e-03	
639	6.322800e-04	-7.38700e-03	-2.25169e-03	
640	6.332800e-04	-7.42921e-03	-2.30300e-03	
641	6.342800e-04	-7.47112e-03	-2.35421e-03	
642	6.352800e-04	-7.51273e-03	-2.40533e-03	
643	6.362800e-04	-7.55405e-03	-2.45636e-03	
644	6.372800e-04	-7.59508e-03	-2.50729e-03	
645	6.382800e-04	-7.63580e-03	-2.55811e-03	
646	6.392800e-04	-7.67622e-03	-2.60884e-03	
647	6.402800e-04	-7.71633e-03	-2.65946e-03	
648	6.412800e-04	-7.75615e-03	-2.70998e-03	
649	6.422800e-04	-7.79565e-03	-2.76038e-03	
650	6.432800e-04	-7.83485e-03	-2.81068e-03	
651	6.442800e-04	-7.87374e-03	-2.86087e-03	
652	6.452800e-04	-7.91232e-03	-2.91094e-03	
653	6.462800e-04	-7.95059e-03	-2.96089e-03	
654	6.472800e-04	-7.98854e-03	-3.01073e-03	
655	6.482800e-04	-8.02618e-03	-3.06045e-03	
656	6.492800e-04	-8.06350e-03	-3.11004e-03	
657	6.502800e-04	-8.10050e-03	-3.15952e-03	
658	6.512800e-04	-8.13718e-03	-3.20886e-03	
659	6.522800e-04	-8.17354e-03	-3.25808e-03	
660	6.532800e-04	-8.20958e-03	-3.30717e-03	
661	6.542800e-04	-8.24529e-03	-3.35613e-03	
662	6.552800e-04	-8.28068e-03	-3.40495e-03	
663	6.562800e-04	-8.31574e-03	-3.45364e-03	
664	6.572800e-04	-8.35048e-03	-3.50219e-03	
665	6.582800e-04	-8.38488e-03	-3.55061e-03	
666	6.592800e-04	-8.41895e-03	-3.59888e-03	
667	6.602800e-04	-8.45269e-03	-3.64701e-03	
668	6.612800e-04	-8.48610e-03	-3.69499e-03	
669	6.622800e-04	-8.51917e-03	-3.74283e-03	
670	6.632800e-04	-8.55191e-03	-3.79052e-03	
671	6.642800e-04	-8.58430e-03	-3.83806e-03	
672	6.652800e-04	-8.61636e-03	-3.88544e-03	
673	6.662800e-04	-8.64808e-03	-3.93267e-03	
674	6.672800e-04	-8.67946e-03	-3.97975e-03	
675	6.682800e-04	-8.71049e-03	-4.02667e-03	
676	6.692800e-04	-8.74118e-03	-4.07342e-03	
677	6.702800e-04	-8.77153e-03	-4.12002e-03	
678	6.712800e-04	-8.80153e-03	-4.16645e-03	
679	6.722800e-04	-8.83118e-03	-4.21272e-03	
680	6.732800e-04	-8.86048e-03	-4.25882e-03	
681	6.742800e-04	-8.88944e-03	-4.30475e-03	
682	6.752800e-04	-8.91804e-03	-4.35051e-03	
683	6.762800e-04	-8.94629e-03	-4.39610e-03	
684	6.772800e-04	-8.97419e-03	-4.44152e-03	
685	6.782800e-04	-9.00173e-03	-4.48676e-03	
686	6.792800e-04	-9.02892e-03	-4.53182e-03	
687	6.802800e-04	-9.05575e-03	-4.57670e-03	
688	6.812800e-04	-9.08222e-03	-4.62140e-03	
689	6.822800e-04	-9.10834e-03	-4.66591e-03	
690	6.832800e-04	-9.13409e-03	-4.71024e-03	
691	6.842800e-04	-9.15949e-03	-4.75439e-03	
692	6.852800e-04	-9.18452e-03	-4.79834e-03	

Index   time            v(in)           v(out)          
--------------------------------------------------------------------------------
693	6.862800e-04	-9.20919e-03	-4.84211e-03	
694	6.872800e-04	-9.23350e-03	-4.88569e-03	
695	6.882800e-04	-9.25744e-03	-4.92907e-03	
696	6.892800e-04	-9.28102e-03	-4.97225e-03	
697	6.902800e-04	-9.30423e-03	-5.01524e-03	
698	6.912800e-04	-9.32707e-03	-5.05803e-03	
699	6.922800e-04	-9.34955e-03	-5.10062e-03	
700	6.932800e-04	-9.37165e-03	-5.14301e-03	
701	6.942800e-04	-9.39339e-03	-5.18519e-03	
702	6.952800e-04	-9.41475e-03	-5.22717e-03	
703	6.962800e-04	-9.43575e-03	-5.26894e-03	
704	6.972800e-04	-9.45637e-03	-5.31051e-03	
705	6.982800e-04	-9.47661e-03	-5.35186e-03	
706	6.992800e-04	-9.49649e-03	-5.39300e-03	
707	7.002800e-04	-9.51599e-03	-5.43393e-03	
708	7.012800e-04	-9.53511e-03	-5.47464e-03	
709	7.022800e-04	-9.55386e-03	-5.51514e-03	
710	7.032800e-04	-9.57223e-03	-5.55542e-03	
711	7.042800e-04	-9.59022e-03	-5.59547e-03	
712	7.052800e-04	-9.60783e-03	-5.63531e-03	
713	7.062800e-04	-9.62506e-03	-5.67492e-03	
714	7.072800e-04	-9.64192e-03	-5.71431e-03	
715	7.082800e-04	-9.65839e-03	-5.75347e-03	
716	7.092800e-04	-9.67448e-03	-5.79241e-03	
717	7.102800e-04	-9.69019e-03	-5.83111e-03	
718	7.112800e-04	-9.70552e-03	-5.86959e-03	
719	7.122800e-04	-9.72046e-03	-5.90783e-03	
720	7.132800e-04	-9.73502e-03	-5.94584e-03	
721	7.142800e-04	-9.74920e-03	-5.98362e-03	
722	7.152800e-04	-9.76299e-03	-6.02115e-03	
723	7.162800e-04	-9.77640e-03	-6.05845e-03	
724	7.172800e-04	-9.78942e-03	-6.09551e-03	
725	7.182800e-04	-9.80205e-03	-6.13233e-03	
726	7.192800e-04	-9.81430e-03	-6.16890e-03	
727	7.202800e-04	-9.82615e-03	-6.20524e-03	
728	7.212800e-04	-9.83762e-03	-6.24132e-03	
729	7.222800e-04	-9.84871e-03	-6.27716e-03	
730	7.232800e-04	-9.85940e-03	-6.31275e-03	
731	7.242800e-04	-9.86971e-03	-6.34809e-03	
732	7.252800e-04	-9.87962e-03	-6.38318e-03	
733	7.262800e-04	-9.88915e-03	-6.41802e-03	
734	7.272800e-04	-9.89828e-03	-6.45261e-03	
735	7.282800e-04	-9.90702e-03	-6.48693e-03	
736	7.292800e-04	-9.91538e-03	-6.52101e-03	
737	7.302800e-04	-9.92334e-03	-6.55482e-03	
738	7.312800e-04	-9.93091e-03	-6.58838e-03	
739	7.322800e-04	-9.93808e-03	-6.62167e-03	
740	7.332800e-04	-9.94487e-03	-6.65470e-03	
741	7.342800e-04	-9.95126e-03	-6.68747e-03	
742	7.352800e-04	-9.95726e-03	-6.71998e-03	
743	7.362800e-04	-9.96287e-03	-6.75222e-03	
744	7.372800e-04	-9.96808e-03	-6.78419e-03	
745	7.382800e-04	-9.97290e-03	-6.81590e-03	
746	7.392800e-04	-9.97732e-03	-6.84733e-03	
747	7.402800e-04	-9.98136e-03	-6.87850e-03	
748	7.412800e-04	-9.98499e-03	-6.90939e-03	
749	7.422800e-04	-9.98824e-03	-6.94001e-03	
750	7.432800e-04	-9.99109e-03	-6.97035e-03	

Index   time            v(in)           v(out)          
--------------------------------------------------------------------------------
751	7.442800e-04	-9.99354e-03	-7.00042e-03	
752	7.452800e-04	-9.99560e-03	-7.03021e-03	
753	7.462800e-04	-9.99727e-03	-7.05973e-03	
754	7.472800e-04	-9.99854e-03	-7.08896e-03	
755	7.482800e-04	-9.99942e-03	-7.11792e-03	
756	7.492800e-04	-9.99990e-03	-7.14659e-03	
757	7.502800e-04	-9.99998e-03	-7.17498e-03	
758	7.512800e-04	-9.99968e-03	-7.20309e-03	
759	7.522800e-04	-9.99897e-03	-7.23092e-03	
760	7.532800e-04	-9.99788e-03	-7.25845e-03	
761	7.542800e-04	-9.99638e-03	-7.28570e-03	
762	7.552800e-04	-9.99450e-03	-7.31267e-03	
763	7.562800e-04	-9.99222e-03	-7.33934e-03	
764	7.572800e-04	-9.98954e-03	-7.36572e-03	
765	7.582800e-04	-9.98647e-03	-7.39182e-03	
766	7.592800e-04	-9.98301e-03	-7.41762e-03	
767	7.602800e-04	-9.97915e-03	-7.44312e-03	
768	7.612800e-04	-9.97489e-03	-7.46834e-03	
769	7.622800e-04	-9.97025e-03	-7.49325e-03	
770	7.632800e-04	-9.96521e-03	-7.51788e-03	
771	7.642800e-04	-9.95978e-03	-7.54220e-03	
772	7.652800e-04	-9.95395e-03	-7.56623e-03	
773	7.662800e-04	-9.94773e-03	-7.58995e-03	
774	7.672800e-04	-9.94112e-03	-7.61338e-03	
775	7.682800e-04	-9.93411e-03	-7.63651e-03	
776	7.692800e-04	-9.92672e-03	-7.65933e-03	
777	7.702800e-04	-9.91893e-03	-7.68185e-03	
778	7.712800e-04	-9.91075e-03	-7.70407e-03	
779	7.722800e-04	-9.90217e-03	-7.72599e-03	
780	7.732800e-04	-9.89321e-03	-7.74760e-03	
781	7.742800e-04	-9.88386e-03	-7.76890e-03	
782	7.752800e-04	-9.87412e-03	-7.78990e-03	
783	7.762800e-04	-9.86398e-03	-7.81058e-03	
784	7.772800e-04	-9.85346e-03	-7.83096e-03	
785	7.782800e-04	-9.84255e-03	-7.85103e-03	
786	7.792800e-04	-9.83125e-03	-7.87079e-03	
787	7.802800e-04	-9.81956e-03	-7.89024e-03	
788	7.812800e-04	-9.80748e-03	-7.90938e-03	
789	7.822800e-04	-9.79502e-03	-7.92820e-03	
790	7.832800e-04	-9.78217e-03	-7.94672e-03	
791	7.842800e-04	-9.76894e-03	-7.96491e-03	
792	7.852800e-04	-9.75531e-03	-7.98280e-03	
793	7.862800e-04	-9.74131e-03	-8.00036e-03	
794	7.872800e-04	-9.72692e-03	-8.01761e-03	
795	7.882800e-04	-9.71214e-03	-8.03455e-03	
796	7.892800e-04	-9.69698e-03	-8.05117e-03	
797	7.902800e-04	-9.68144e-03	-8.06746e-03	
798	7.912800e-04	-9.66552e-03	-8.08344e-03	
799	7.922800e-04	-9.64921e-03	-8.09911e-03	
800	7.932800e-04	-9.63253e-03	-8.11445e-03	
801	7.942800e-04	-9.61546e-03	-8.12947e-03	
802	7.952800e-04	-9.59801e-03	-8.14417e-03	
803	7.962800e-04	-9.58019e-03	-8.15854e-03	
804	7.972800e-04	-9.56199e-03	-8.17260e-03	
805	7.982800e-04	-9.54340e-03	-8.18633e-03	
806	7.992800e-04	-9.52445e-03	-8.19974e-03	
807	8.002800e-04	-9.50511e-03	-8.21282e-03	
808	8.012800e-04	-9.48541e-03	-8.22559e-03	

Index   time            v(in)           v(out)          
--------------------------------------------------------------------------------
809	8.022800e-04	-9.46532e-03	-8.23802e-03	
810	8.032800e-04	-9.44487e-03	-8.25013e-03	
811	8.042800e-04	-9.42404e-03	-8.26192e-03	
812	8.052800e-04	-9.40283e-03	-8.27337e-03	
813	8.062800e-04	-9.38126e-03	-8.28450e-03	
814	8.072800e-04	-9.35932e-03	-8.29531e-03	
815	8.082800e-04	-9.33700e-03	-8.30578e-03	
816	8.092800e-04	-9.31432e-03	-8.31593e-03	
817	8.102800e-04	-9.29127e-03	-8.32575e-03	
818	8.112800e-04	-9.26786e-03	-8.33524e-03	
819	8.122800e-04	-9.24408e-03	-8.34440e-03	
820	8.132800e-04	-9.21993e-03	-8.35324e-03	
821	8.142800e-04	-9.19542e-03	-8.36174e-03	
822	8.152800e-04	-9.17055e-03	-8.36991e-03	
823	8.162800e-04	-9.14531e-03	-8.37775e-03	
824	8.172800e-04	-9.11971e-03	-8.38526e-03	
825	8.182800e-04	-9.09376e-03	-8.39244e-03	
826	8.192800e-04	-9.06744e-03	-8.39929e-03	
827	8.202800e-04	-9.04077e-03	-8.40580e-03	
828	8.212800e-04	-9.01374e-03	-8.41199e-03	
829	8.222800e-04	-8.98635e-03	-8.41784e-03	
830	8.232800e-04	-8.95861e-03	-8.42336e-03	
831	8.242800e-04	-8.93051e-03	-8.42854e-03	
832	8.252800e-04	-8.90206e-03	-8.43340e-03	
833	8.262800e-04	-8.87327e-03	-8.43792e-03	
834	8.272800e-04	-8.84412e-03	-8.44210e-03	
835	8.282800e-04	-8.81462e-03	-8.44596e-03	
836	8.292800e-04	-8.78477e-03	-8.44948e-03	
837	8.302800e-04	-8.75458e-03	-8.45266e-03	
838	8.312800e-04	-8.72404e-03	-8.45551e-03	
839	8.322800e-04	-8.69316e-03	-8.45803e-03	
840	8.332800e-04	-8.66193e-03	-8.46022e-03	
841	8.342800e-04	-8.63036e-03	-8.46207e-03	
842	8.352800e-04	-8.59845e-03	-8.46358e-03	
843	8.362800e-04	-8.56620e-03	-8.46476e-03	
844	8.372800e-04	-8.53362e-03	-8.46561e-03	
845	8.382800e-04	-8.50069e-03	-8.46612e-03	
846	8.392800e-04	-8.46743e-03	-8.46630e-03	
847	8.402800e-04	-8.43384e-03	-8.46615e-03	
848	8.412800e-04	-8.39991e-03	-8.46566e-03	
849	8.422800e-04	-8.36565e-03	-8.46483e-03	
850	8.432800e-04	-8.33107e-03	-8.46367e-03	
851	8.442800e-04	-8.29615e-03	-8.46218e-03	
852	8.452800e-04	-8.26090e-03	-8.46035e-03	
853	8.462800e-04	-8.22533e-03	-8.45819e-03	
854	8.472800e-04	-8.18944e-03	-8.45569e-03	
855	8.482800e-04	-8.15322e-03	-8.45287e-03	
856	8.492800e-04	-8.11668e-03	-8.44970e-03	
857	8.502800e-04	-8.07982e-03	-8.44620e-03	
858	8.512800e-04	-8.04264e-03	-8.44237e-03	
859	8.522800e-04	-8.00514e-03	-8.43821e-03	
860	8.532800e-04	-7.96732e-03	-8.43371e-03	
861	8.542800e-04	-7.92920e-03	-8.42888e-03	
862	8.552800e-04	-7.89076e-03	-8.42372e-03	
863	8.562800e-04	-7.85200e-03	-8.41822e-03	
864	8.572800e-04	-7.81294e-03	-8.41239e-03	
865	8.582800e-04	-7.77357e-03	-8.40623e-03	
866	8.592800e-04	-7.73389e-03	-8.39974e-03	

Index   time            v(in)           v(out)          
--------------------------------------------------------------------------------
867	8.602800e-04	-7.69391e-03	-8.39292e-03	
868	8.612800e-04	-7.65362e-03	-8.38576e-03	
869	8.622800e-04	-7.61303e-03	-8.37827e-03	
870	8.632800e-04	-7.57214e-03	-8.37046e-03	
871	8.642800e-04	-7.53095e-03	-8.36231e-03	
872	8.652800e-04	-7.48946e-03	-8.35383e-03	
873	8.662800e-04	-7.44768e-03	-8.34502e-03	
874	8.672800e-04	-7.40561e-03	-8.33588e-03	
875	8.682800e-04	-7.36324e-03	-8.32642e-03	
876	8.692800e-04	-7.32058e-03	-8.31662e-03	
877	8.702800e-04	-7.27763e-03	-8.30650e-03	
878	8.712800e-04	-7.23440e-03	-8.29604e-03	
879	8.722800e-04	-7.19088e-03	-8.28526e-03	
880	8.732800e-04	-7.14707e-03	-8.27416e-03	
881	8.742800e-04	-7.10298e-03	-8.26272e-03	
882	8.752800e-04	-7.05862e-03	-8.25096e-03	
883	8.762800e-04	-7.01397e-03	-8.23887e-03	
884	8.772800e-04	-6.96905e-03	-8.22646e-03	
885	8.782800e-04	-6.92385e-03	-8.21373e-03	
886	8.792800e-04	-6.87838e-03	-8.20067e-03	
887	8.802800e-04	-6.83264e-03	-8.18728e-03	
888	8.812800e-04	-6.78662e-03	-8.17357e-03	
889	8.822800e-04	-6.74034e-03	-8.15954e-03	
890	8.832800e-04	-6.69380e-03	-8.14519e-03	
891	8.842800e-04	-6.64699e-03	-8.13051e-03	
892	8.852800e-04	-6.59991e-03	-8.11552e-03	
893	8.862800e-04	-6.55258e-03	-8.10020e-03	
894	8.872800e-04	-6.50499e-03	-8.08457e-03	
895	8.882800e-04	-6.45714e-03	-8.06861e-03	
896	8.892800e-04	-6.40903e-03	-8.05234e-03	
897	8.902800e-04	-6.36067e-03	-8.03575e-03	
898	8.912800e-04	-6.31207e-03	-8.01884e-03	
899	8.922800e-04	-6.26321e-03	-8.00161e-03	
900	8.932800e-04	-6.21410e-03	-7.98407e-03	
901	8.942800e-04	-6.16475e-03	-7.96621e-03	
902	8.952800e-04	-6.11516e-03	-7.94804e-03	
903	8.962800e-04	-6.06532e-03	-7.92955e-03	
904	8.972800e-04	-6.01525e-03	-7.91076e-03	
905	8.982800e-04	-5.96494e-03	-7.89164e-03	
906	8.992800e-04	-5.91439e-03	-7.87222e-03	
907	9.002800e-04	-5.86361e-03	-7.85249e-03	
908	9.012800e-04	-5.81260e-03	-7.83244e-03	
909	9.022800e-04	-5.76136e-03	-7.81209e-03	
910	9.032800e-04	-5.70989e-03	-7.79143e-03	
911	9.042800e-04	-5.65819e-03	-7.77046e-03	
912	9.052800e-04	-5.60627e-03	-7.74919e-03	
913	9.062800e-04	-5.55413e-03	-7.72760e-03	
914	9.072800e-04	-5.50178e-03	-7.70572e-03	
915	9.082800e-04	-5.44920e-03	-7.68353e-03	
916	9.092800e-04	-5.39641e-03	-7.66103e-03	
917	9.102800e-04	-5.34341e-03	-7.63823e-03	
918	9.112800e-04	-5.29019e-03	-7.61513e-03	
919	9.122800e-04	-5.23677e-03	-7.59173e-03	
920	9.132800e-04	-5.18314e-03	-7.56804e-03	
921	9.142800e-04	-5.12930e-03	-7.54404e-03	
922	9.152800e-04	-5.07526e-03	-7.51974e-03	
923	9.162800e-04	-5.02103e-03	-7.49515e-03	
924	9.172800e-04	-4.96659e-03	-7.47026e-03	

Index   time            v(in)           v(out)          
--------------------------------------------------------------------------------
925	9.182800e-04	-4.91196e-03	-7.44508e-03	
926	9.192800e-04	-4.85713e-03	-7.41960e-03	
927	9.202800e-04	-4.80211e-03	-7.39383e-03	
928	9.212800e-04	-4.74690e-03	-7.36776e-03	
929	9.222800e-04	-4.69151e-03	-7.34141e-03	
930	9.232800e-04	-4.63593e-03	-7.31477e-03	
931	9.242800e-04	-4.58017e-03	-7.28783e-03	
932	9.252800e-04	-4.52422e-03	-7.26061e-03	
933	9.262800e-04	-4.46810e-03	-7.23311e-03	
934	9.272800e-04	-4.41180e-03	-7.20531e-03	
935	9.282800e-04	-4.35533e-03	-7.17724e-03	
936	9.292800e-04	-4.29868e-03	-7.14888e-03	
937	9.302800e-04	-4.24187e-03	-7.12023e-03	
938	9.312800e-04	-4.18489e-03	-7.09131e-03	
939	9.322800e-04	-4.12774e-03	-7.06211e-03	
940	9.332800e-04	-4.07043e-03	-7.03262e-03	
941	9.342800e-04	-4.01296e-03	-7.00286e-03	
942	9.352800e-04	-3.95533e-03	-6.97283e-03	
943	9.362800e-04	-3.89754e-03	-6.94251e-03	
944	9.372800e-04	-3.83960e-03	-6.91193e-03	
945	9.382800e-04	-3.78151e-03	-6.88107e-03	
946	9.392800e-04	-3.72327e-03	-6.84994e-03	
947	9.402800e-04	-3.66488e-03	-6.81853e-03	
948	9.412800e-04	-3.60635e-03	-6.78686e-03	
949	9.422800e-04	-3.54768e-03	-6.75492e-03	
950	9.432800e-04	-3.48886e-03	-6.72272e-03	
951	9.442800e-04	-3.42991e-03	-6.69025e-03	
952	9.452800e-04	-3.37082e-03	-6.65751e-03	
953	9.462800e-04	-3.31160e-03	-6.62451e-03	
954	9.472800e-04	-3.25225e-03	-6.59126e-03	
955	9.482800e-04	-3.19277e-03	-6.55774e-03	
956	9.492800e-04	-3.13316e-03	-6.52396e-03	
957	9.502800e-04	-3.07343e-03	-6.48992e-03	
958	9.512800e-04	-3.01358e-03	-6.45563e-03	
959	9.522800e-04	-2.95361e-03	-6.42108e-03	
960	9.532800e-04	-2.89353e-03	-6.38628e-03	
961	9.542800e-04	-2.83333e-03	-6.35123e-03	
962	9.552800e-04	-2.77301e-03	-6.31592e-03	
963	9.562800e-04	-2.71259e-03	-6.28037e-03	
964	9.572800e-04	-2.65206e-03	-6.24457e-03	
965	9.582800e-04	-2.59143e-03	-6.20852e-03	
966	9.592800e-04	-2.53069e-03	-6.17223e-03	
967	9.602800e-04	-2.46985e-03	-6.13569e-03	
968	9.612800e-04	-2.40892e-03	-6.09891e-03	
969	9.622800e-04	-2.34789e-03	-6.06189e-03	
970	9.632800e-04	-2.28677e-03	-6.02463e-03	
971	9.642800e-04	-2.22556e-03	-5.98713e-03	
972	9.652800e-04	-2.16426e-03	-5.94940e-03	
973	9.662800e-04	-2.10287e-03	-5.91143e-03	
974	9.672800e-04	-2.04141e-03	-5.87323e-03	
975	9.682800e-04	-1.97986e-03	-5.83480e-03	
976	9.692800e-04	-1.91823e-03	-5.79613e-03	
977	9.702800e-04	-1.85653e-03	-5.75724e-03	
978	9.712800e-04	-1.79475e-03	-5.71812e-03	
979	9.722800e-04	-1.73291e-03	-5.67877e-03	
980	9.732800e-04	-1.67099e-03	-5.63920e-03	
981	9.742800e-04	-1.60901e-03	-5.59941e-03	
982	9.752800e-04	-1.54697e-03	-5.55939e-03	

Index   time            v(in)           v(out)          
--------------------------------------------------------------------------------
983	9.762800e-04	-1.48486e-03	-5.51916e-03	
984	9.772800e-04	-1.42270e-03	-5.47871e-03	
985	9.782800e-04	-1.36048e-03	-5.43804e-03	
986	9.792800e-04	-1.29820e-03	-5.39716e-03	
987	9.802800e-04	-1.23588e-03	-5.35606e-03	
988	9.812800e-04	-1.17350e-03	-5.31476e-03	
989	9.822800e-04	-1.11108e-03	-5.27324e-03	
990	9.832800e-04	-1.04862e-03	-5.23151e-03	
991	9.842800e-04	-9.86112e-04	-5.18958e-03	
992	9.852800e-04	-9.23567e-04	-5.14744e-03	
993	9.862800e-04	-8.60986e-04	-5.10510e-03	
994	9.872800e-04	-7.98371e-04	-5.06256e-03	
995	9.882800e-04	-7.35724e-04	-5.01982e-03	
996	9.892800e-04	-6.73048e-04	-4.97688e-03	
997	9.902800e-04	-6.10346e-04	-4.93375e-03	
998	9.912800e-04	-5.47620e-04	-4.89041e-03	
999	9.922800e-04	-4.84872e-04	-4.84689e-03	
1000	9.932800e-04	-4.22105e-04	-4.80318e-03	
1001	9.942800e-04	-3.59321e-04	-4.75927e-03	
1002	9.952800e-04	-2.96523e-04	-4.71518e-03	
1003	9.962800e-04	-2.33713e-04	-4.67090e-03	
1004	9.972800e-04	-1.70894e-04	-4.62643e-03	
1005	9.982800e-04	-1.08069e-04	-4.58179e-03	
1006	9.992800e-04	-4.52388e-05	-4.53696e-03	
1007	1.000280e-03	1.759291e-05	-4.49195e-03	
1008	1.001280e-03	8.042390e-05	-4.44677e-03	
1009	1.002280e-03	1.432517e-04	-4.40141e-03	
1010	1.003280e-03	2.060739e-04	-4.35588e-03	
1011	1.004280e-03	2.688879e-04	-4.31017e-03	
1012	1.005280e-03	3.316913e-04	-4.26430e-03	
1013	1.006280e-03	3.944817e-04	-4.21825e-03	
1014	1.007280e-03	4.572564e-04	-4.17204e-03	
1015	1.008280e-03	5.200131e-04	-4.12567e-03	
1016	1.009280e-03	5.827493e-04	-4.07913e-03	
1017	1.010280e-03	6.454624e-04	-4.03243e-03	
1018	1.011280e-03	7.081501e-04	-3.98557e-03	
1019	1.012280e-03	7.708098e-04	-3.93856e-03	
1020	1.013280e-03	8.334391e-04	-3.89139e-03	
1021	1.014280e-03	8.960355e-04	-3.84406e-03	
1022	1.015280e-03	9.585965e-04	-3.79659e-03	
1023	1.016280e-03	1.021120e-03	-3.74896e-03	
1024	1.017280e-03	1.083603e-03	-3.70119e-03	
1025	1.018280e-03	1.146043e-03	-3.65327e-03	
1026	1.019280e-03	1.208437e-03	-3.60520e-03	
1027	1.020280e-03	1.270785e-03	-3.55699e-03	
1028	1.021280e-03	1.333082e-03	-3.50865e-03	
1029	1.022280e-03	1.395326e-03	-3.46016e-03	
1030	1.023280e-03	1.457515e-03	-3.41154e-03	
1031	1.024280e-03	1.519647e-03	-3.36278e-03	
1032	1.025280e-03	1.581719e-03	-3.31389e-03	
1033	1.026280e-03	1.643728e-03	-3.26487e-03	
1034	1.027280e-03	1.705672e-03	-3.21572e-03	
1035	1.028280e-03	1.767549e-03	-3.16644e-03	
1036	1.029280e-03	1.829356e-03	-3.11704e-03	
1037	1.030280e-03	1.891092e-03	-3.06752e-03	
1038	1.031280e-03	1.952752e-03	-3.01787e-03	
1039	1.032280e-03	2.014335e-03	-2.96810e-03	
1040	1.033280e-03	2.075839e-03	-2.91822e-03	

Index   time            v(in)           v(out)          
--------------------------------------------------------------------------------
1041	1.034280e-03	2.137261e-03	-2.86822e-03	
1042	1.035280e-03	2.198598e-03	-2.81811e-03	
1043	1.036280e-03	2.259849e-03	-2.76789e-03	
1044	1.037280e-03	2.321010e-03	-2.71756e-03	
1045	1.038280e-03	2.382080e-03	-2.66712e-03	
1046	1.039280e-03	2.443056e-03	-2.61658e-03	
1047	1.040280e-03	2.503935e-03	-2.56593e-03	
1048	1.041280e-03	2.564716e-03	-2.51518e-03	
1049	1.042280e-03	2.625395e-03	-2.46433e-03	
1050	1.043280e-03	2.685970e-03	-2.41339e-03	
1051	1.044280e-03	2.746440e-03	-2.36235e-03	
1052	1.045280e-03	2.806801e-03	-2.31121e-03	
1053	1.046280e-03	2.867051e-03	-2.25999e-03	
1054	1.047280e-03	2.927189e-03	-2.20867e-03	
1055	1.048280e-03	2.987210e-03	-2.15727e-03	
1056	1.049280e-03	3.047114e-03	-2.10578e-03	
1057	1.050280e-03	3.106897e-03	-2.05421e-03	
1058	1.051280e-03	3.166558e-03	-2.00256e-03	
1059	1.052280e-03	3.226093e-03	-1.95083e-03	
1060	1.053280e-03	3.285502e-03	-1.89902e-03	
1061	1.054280e-03	3.344780e-03	-1.84714e-03	
1062	1.055280e-03	3.403927e-03	-1.79519e-03	
1063	1.056280e-03	3.462939e-03	-1.74316e-03	
1064	1.057280e-03	3.521814e-03	-1.69107e-03	
1065	1.058280e-03	3.580551e-03	-1.63890e-03	
1066	1.059280e-03	3.639146e-03	-1.58668e-03	
1067	1.060280e-03	3.697597e-03	-1.53439e-03	
1068	1.061280e-03	3.755903e-03	-1.48204e-03	
1069	1.062280e-03	3.814060e-03	-1.42963e-03	
1070	1.063280e-03	3.872066e-03	-1.37717e-03	
1071	1.064280e-03	3.929920e-03	-1.32465e-03	
1072	1.065280e-03	3.987619e-03	-1.27208e-03	
1073	1.066280e-03	4.045160e-03	-1.21945e-03	
1074	1.067280e-03	4.102541e-03	-1.16679e-03	
1075	1.068280e-03	4.159761e-03	-1.11407e-03	
1076	1.069280e-03	4.216816e-03	-1.06131e-03	
1077	1.070280e-03	4.273705e-03	-1.00851e-03	
1078	1.071280e-03	4.330425e-03	-9.55666e-04	
1079	1.072280e-03	4.386974e-03	-9.02787e-04	
1080	1.073280e-03	4.443350e-03	-8.49872e-04	
1081	1.074280e-03	4.499550e-03	-7.96924e-04	
1082	1.075280e-03	4.555573e-03	-7.43944e-04	
1083	1.076280e-03	4.611416e-03	-6.90934e-04	
1084	1.077280e-03	4.667077e-03	-6.37898e-04	
1085	1.078280e-03	4.722554e-03	-5.84836e-04	
1086	1.079280e-03	4.777844e-03	-5.31751e-04	
1087	1.080280e-03	4.832946e-03	-4.78645e-04	
1088	1.081280e-03	4.887857e-03	-4.25520e-04	
1089	1.082280e-03	4.942575e-03	-3.72378e-04	
1090	1.083280e-03	4.997098e-03	-3.19222e-04	
1091	1.084280e-03	5.051423e-03	-2.66053e-04	
1092	1.085280e-03	5.105549e-03	-2.12874e-04	
1093	1.086280e-03	5.159474e-03	-1.59686e-04	
1094	1.087280e-03	5.213195e-03	-1.06491e-04	
1095	1.088280e-03	5.266710e-03	-5.32931e-05	
1096	1.089280e-03	5.320017e-03	-9.24945e-08	
1097	1.090280e-03	5.373114e-03	5.310808e-05	
1098	1.091280e-03	5.425999e-03	1.063066e-04	

Index   time            v(in)           v(out)          
--------------------------------------------------------------------------------
1099	1.092280e-03	5.478670e-03	1.595009e-04	
1100	1.093280e-03	5.531124e-03	2.126889e-04	
1101	1.094280e-03	5.583360e-03	2.658685e-04	
1102	1.095280e-03	5.635376e-03	3.190377e-04	
1103	1.096280e-03	5.687169e-03	3.721942e-04	
1104	1.097280e-03	5.738738e-03	4.253361e-04	
1105	1.098280e-03	5.790080e-03	4.784612e-04	
1106	1.099280e-03	5.841193e-03	5.315674e-04	
1107	1.100280e-03	5.892076e-03	5.846527e-04	
1108	1.101280e-03	5.942727e-03	6.377149e-04	
1109	1.102280e-03	5.993142e-03	6.907519e-04	
1110	1.103280e-03	6.043322e-03	7.437616e-04	
1111	1.104280e-03	6.093262e-03	7.967420e-04	
1112	1.105280e-03	6.142962e-03	8.496910e-04	
1113	1.106280e-03	6.192420e-03	9.026064e-04	
1114	1.107280e-03	6.241633e-03	9.554862e-04	
1115	1.108280e-03	6.290599e-03	1.008328e-03	
1116	1.109280e-03	6.339318e-03	1.061131e-03	
1117	1.110280e-03	6.387786e-03	1.113891e-03	
1118	1.111280e-03	6.436001e-03	1.166607e-03	
1119	1.112280e-03	6.483963e-03	1.219278e-03	
1120	1.113280e-03	6.531669e-03	1.271900e-03	
1121	1.114280e-03	6.579117e-03	1.324472e-03	
1122	1.115280e-03	6.626305e-03	1.376992e-03	
1123	1.116280e-03	6.673232e-03	1.429457e-03	
1124	1.117280e-03	6.719895e-03	1.481866e-03	
1125	1.118280e-03	6.766293e-03	1.534217e-03	
1126	1.119280e-03	6.812423e-03	1.586507e-03	
1127	1.120280e-03	6.858285e-03	1.638734e-03	
1128	1.121280e-03	6.903876e-03	1.690897e-03	
1129	1.122280e-03	6.949195e-03	1.742993e-03	
1130	1.123280e-03	6.994239e-03	1.795020e-03	
1131	1.124280e-03	7.039007e-03	1.846976e-03	
1132	1.125280e-03	7.083497e-03	1.898859e-03	
1133	1.126280e-03	7.127707e-03	1.950668e-03	
1134	1.127280e-03	7.171637e-03	2.002399e-03	
1135	1.128280e-03	7.215282e-03	2.054052e-03	
1136	1.129280e-03	7.258644e-03	2.105623e-03	
1137	1.130280e-03	7.301718e-03	2.157111e-03	
1138	1.131280e-03	7.344504e-03	2.208514e-03	
1139	1.132280e-03	7.387001e-03	2.259830e-03	
1140	1.133280e-03	7.429206e-03	2.311056e-03	
1141	1.134280e-03	7.471117e-03	2.362192e-03	
1142	1.135280e-03	7.512733e-03	2.413234e-03	
1143	1.136280e-03	7.554053e-03	2.464181e-03	
1144	1.137280e-03	7.595075e-03	2.515030e-03	
1145	1.138280e-03	7.635797e-03	2.565781e-03	
1146	1.139280e-03	7.676217e-03	2.616430e-03	
1147	1.140280e-03	7.716335e-03	2.666975e-03	
1148	1.141280e-03	7.756147e-03	2.717416e-03	
1149	1.142280e-03	7.795654e-03	2.767749e-03	
1150	1.143280e-03	7.834853e-03	2.817973e-03	
1151	1.144280e-03	7.873742e-03	2.868086e-03	
1152	1.145280e-03	7.912321e-03	2.918085e-03	
1153	1.146280e-03	7.950587e-03	2.967969e-03	
1154	1.147280e-03	7.988539e-03	3.017736e-03	
1155	1.148280e-03	8.026176e-03	3.067384e-03	
1156	1.149280e-03	8.063496e-03	3.116911e-03	

Index   time            v(in)           v(out)          
--------------------------------------------------------------------------------
1157	1.150280e-03	8.100498e-03	3.166315e-03	
1158	1.151280e-03	8.137180e-03	3.215594e-03	
1159	1.152280e-03	8.173541e-03	3.264746e-03	
1160	1.153280e-03	8.209579e-03	3.313769e-03	
1161	1.154280e-03	8.245293e-03	3.362661e-03	
1162	1.155280e-03	8.280682e-03	3.411421e-03	
1163	1.156280e-03	8.315743e-03	3.460045e-03	
1164	1.157280e-03	8.350476e-03	3.508534e-03	
1165	1.158280e-03	8.384880e-03	3.556883e-03	
1166	1.159280e-03	8.418953e-03	3.605093e-03	
1167	1.160280e-03	8.452693e-03	3.653160e-03	
1168	1.161280e-03	8.486099e-03	3.701082e-03	
1169	1.162280e-03	8.519171e-03	3.748859e-03	
1170	1.163280e-03	8.551906e-03	3.796488e-03	
1171	1.164280e-03	8.584304e-03	3.843966e-03	
1172	1.165280e-03	8.616362e-03	3.891293e-03	
1173	1.166280e-03	8.648081e-03	3.938467e-03	
1174	1.167280e-03	8.679458e-03	3.985485e-03	
1175	1.168280e-03	8.710493e-03	4.032345e-03	
1176	1.169280e-03	8.741183e-03	4.079047e-03	
1177	1.170280e-03	8.771529e-03	4.125587e-03	
1178	1.171280e-03	8.801528e-03	4.171965e-03	
1179	1.172280e-03	8.831180e-03	4.218178e-03	
1180	1.173280e-03	8.860483e-03	4.264224e-03	
1181	1.174280e-03	8.889436e-03	4.310102e-03	
1182	1.175280e-03	8.918038e-03	4.355810e-03	
1183	1.176280e-03	8.946289e-03	4.401345e-03	
1184	1.177280e-03	8.974186e-03	4.446708e-03	
1185	1.178280e-03	9.001729e-03	4.491894e-03	
1186	1.179280e-03	9.028916e-03	4.536903e-03	
1187	1.180280e-03	9.055747e-03	4.581734e-03	
1188	1.181280e-03	9.082221e-03	4.626383e-03	
1189	1.182280e-03	9.108336e-03	4.670849e-03	
1190	1.183280e-03	9.134091e-03	4.715132e-03	
1191	1.184280e-03	9.159486e-03	4.759228e-03	
1192	1.185280e-03	9.184519e-03	4.803136e-03	
1193	1.186280e-03	9.209190e-03	4.846855e-03	
1194	1.187280e-03	9.233497e-03	4.890382e-03	
1195	1.188280e-03	9.257439e-03	4.933716e-03	
1196	1.189280e-03	9.281016e-03	4.976855e-03	
1197	1.190280e-03	9.304227e-03	5.019798e-03	
1198	1.191280e-03	9.327070e-03	5.062543e-03	
1199	1.192280e-03	9.349545e-03	5.105088e-03	
1200	1.193280e-03	9.371651e-03	5.147431e-03	
1201	1.194280e-03	9.393387e-03	5.189572e-03	
1202	1.195280e-03	9.414753e-03	5.231507e-03	
1203	1.196280e-03	9.435746e-03	5.273236e-03	
1204	1.197280e-03	9.456367e-03	5.314756e-03	
1205	1.198280e-03	9.476615e-03	5.356067e-03	
1206	1.199280e-03	9.496488e-03	5.397166e-03	
1207	1.200280e-03	9.515987e-03	5.438053e-03	
1208	1.201280e-03	9.535110e-03	5.478724e-03	
1209	1.202280e-03	9.553856e-03	5.519180e-03	
1210	1.203280e-03	9.572226e-03	5.559417e-03	
1211	1.204280e-03	9.590217e-03	5.599435e-03	
1212	1.205280e-03	9.607830e-03	5.639232e-03	
1213	1.206280e-03	9.625064e-03	5.678806e-03	
1214	1.207280e-03	9.641917e-03	5.718156e-03	

Index   time            v(in)           v(out)          
--------------------------------------------------------------------------------
1215	1.208280e-03	9.658390e-03	5.757281e-03	
1216	1.209280e-03	9.674482e-03	5.796178e-03	
1217	1.210280e-03	9.690192e-03	5.834846e-03	
1218	1.211280e-03	9.705519e-03	5.873284e-03	
1219	1.212280e-03	9.720463e-03	5.911490e-03	
1220	1.213280e-03	9.735023e-03	5.949463e-03	
1221	1.214280e-03	9.749199e-03	5.987200e-03	
1222	1.215280e-03	9.762990e-03	6.024702e-03	
1223	1.216280e-03	9.776396e-03	6.061965e-03	
1224	1.217280e-03	9.789416e-03	6.098990e-03	
1225	1.218280e-03	9.802049e-03	6.135773e-03	
1226	1.219280e-03	9.814295e-03	6.172314e-03	
1227	1.220280e-03	9.826154e-03	6.208612e-03	
1228	1.221280e-03	9.837625e-03	6.244665e-03	
1229	1.222280e-03	9.848707e-03	6.280471e-03	
1230	1.223280e-03	9.859401e-03	6.316029e-03	
1231	1.224280e-03	9.869705e-03	6.351337e-03	
1232	1.225280e-03	9.879620e-03	6.386395e-03	
1233	1.226280e-03	9.889145e-03	6.421201e-03	
1234	1.227280e-03	9.898279e-03	6.455753e-03	
1235	1.228280e-03	9.907023e-03	6.490051e-03	
1236	1.229280e-03	9.915376e-03	6.524092e-03	
1237	1.230280e-03	9.923337e-03	6.557876e-03	
1238	1.231280e-03	9.930906e-03	6.591401e-03	
1239	1.232280e-03	9.938083e-03	6.624665e-03	
1240	1.233280e-03	9.944868e-03	6.657669e-03	
1241	1.234280e-03	9.951260e-03	6.690409e-03	
1242	1.235280e-03	9.957260e-03	6.722885e-03	
1243	1.236280e-03	9.962866e-03	6.755096e-03	
1244	1.237280e-03	9.968079e-03	6.787040e-03	
1245	1.238280e-03	9.972899e-03	6.818716e-03	
1246	1.239280e-03	9.977325e-03	6.850123e-03	
1247	1.240280e-03	9.981357e-03	6.881259e-03	
1248	1.241280e-03	9.984994e-03	6.912124e-03	
1249	1.242280e-03	9.988238e-03	6.942716e-03	
1250	1.243280e-03	9.991087e-03	6.973034e-03	
1251	1.244280e-03	9.993542e-03	7.003076e-03	
1252	1.245280e-03	9.995603e-03	7.032843e-03	
1253	1.246280e-03	9.997269e-03	7.062331e-03	
1254	1.247280e-03	9.998540e-03	7.091541e-03	
1255	1.248280e-03	9.999416e-03	7.120471e-03	
1256	1.249280e-03	9.999898e-03	7.149119e-03	
1257	1.250280e-03	9.999985e-03	7.177486e-03	
1258	1.251280e-03	9.999677e-03	7.205569e-03	
1259	1.252280e-03	9.998974e-03	7.233367e-03	
1260	1.253280e-03	9.997876e-03	7.260880e-03	
1261	1.254280e-03	9.996384e-03	7.288107e-03	
1262	1.255280e-03	9.994498e-03	7.315045e-03	
1263	1.256280e-03	9.992216e-03	7.341695e-03	
1264	1.257280e-03	9.989540e-03	7.368055e-03	
1265	1.258280e-03	9.986470e-03	7.394124e-03	
1266	1.259280e-03	9.983006e-03	7.419901e-03	
1267	1.260280e-03	9.979147e-03	7.445386e-03	
1268	1.261280e-03	9.974895e-03	7.470576e-03	
1269	1.262280e-03	9.970248e-03	7.495472e-03	
1270	1.263280e-03	9.965208e-03	7.520071e-03	
1271	1.264280e-03	9.959775e-03	7.544374e-03	
1272	1.265280e-03	9.953949e-03	7.568379e-03	

Index   time            v(in)           v(out)          
--------------------------------------------------------------------------------
1273	1.266280e-03	9.947729e-03	7.592085e-03	
1274	1.267280e-03	9.941117e-03	7.615491e-03	
1275	1.268280e-03	9.934112e-03	7.638597e-03	
1276	1.269280e-03	9.926715e-03	7.661401e-03	
1277	1.270280e-03	9.918927e-03	7.683903e-03	
1278	1.271280e-03	9.910746e-03	7.706101e-03	
1279	1.272280e-03	9.902175e-03	7.727995e-03	
1280	1.273280e-03	9.893212e-03	7.749584e-03	
1281	1.274280e-03	9.883859e-03	7.770867e-03	
1282	1.275280e-03	9.874116e-03	7.791844e-03	
1283	1.276280e-03	9.863983e-03	7.812512e-03	
1284	1.277280e-03	9.853460e-03	7.832873e-03	
1285	1.278280e-03	9.842549e-03	7.852924e-03	
1286	1.279280e-03	9.831249e-03	7.872665e-03	
1287	1.280280e-03	9.819561e-03	7.892095e-03	
1288	1.281280e-03	9.807485e-03	7.911214e-03	
1289	1.282280e-03	9.795022e-03	7.930020e-03	
1290	1.283280e-03	9.782172e-03	7.948513e-03	
1291	1.284280e-03	9.768936e-03	7.966693e-03	
1292	1.285280e-03	9.755315e-03	7.984558e-03	
1293	1.286280e-03	9.741308e-03	8.002108e-03	
1294	1.287280e-03	9.726917e-03	8.019342e-03	
1295	1.288280e-03	9.712142e-03	8.036259e-03	
1296	1.289280e-03	9.696983e-03	8.052859e-03	
1297	1.290280e-03	9.681441e-03	8.069141e-03	
1298	1.291280e-03	9.665518e-03	8.085105e-03	
1299	1.292280e-03	9.649212e-03	8.100749e-03	
1300	1.293280e-03	9.632526e-03	8.116074e-03	
1301	1.294280e-03	9.615460e-03	8.131078e-03	
1302	1.295280e-03	9.598014e-03	8.145761e-03	
1303	1.296280e-03	9.580189e-03	8.160122e-03	
1304	1.297280e-03	9.561986e-03	8.174162e-03	
1305	1.298280e-03	9.543405e-03	8.187879e-03	
1306	1.299280e-03	9.524447e-03	8.201272e-03	
1307	1.300280e-03	9.505114e-03	8.214342e-03	
1308	1.301280e-03	9.485405e-03	8.227087e-03	
1309	1.302280e-03	9.465322e-03	8.239508e-03	
1310	1.303280e-03	9.444865e-03	8.251603e-03	
1311	1.304280e-03	9.424036e-03	8.263373e-03	
1312	1.305280e-03	9.402834e-03	8.274816e-03	
1313	1.306280e-03	9.381261e-03	8.285933e-03	
1314	1.307280e-03	9.359317e-03	8.296723e-03	
1315	1.308280e-03	9.337005e-03	8.307185e-03	
1316	1.309280e-03	9.314323e-03	8.317319e-03	
1317	1.310280e-03	9.291274e-03	8.327125e-03	
1318	1.311280e-03	9.267858e-03	8.336602e-03	
1319	1.312280e-03	9.244076e-03	8.345750e-03	
1320	1.313280e-03	9.219930e-03	8.354568e-03	
1321	1.314280e-03	9.195419e-03	8.363057e-03	
1322	1.315280e-03	9.170545e-03	8.371215e-03	
1323	1.316280e-03	9.145309e-03	8.379043e-03	
1324	1.317280e-03	9.119712e-03	8.386540e-03	
1325	1.318280e-03	9.093756e-03	8.393706e-03	
1326	1.319280e-03	9.067440e-03	8.400541e-03	
1327	1.320280e-03	9.040766e-03	8.407044e-03	
1328	1.321280e-03	9.013735e-03	8.413216e-03	
1329	1.322280e-03	8.986348e-03	8.419055e-03	
1330	1.323280e-03	8.958607e-03	8.424561e-03	

Index   time            v(in)           v(out)          
--------------------------------------------------------------------------------
1331	1.324280e-03	8.930512e-03	8.429735e-03	
1332	1.325280e-03	8.902064e-03	8.434577e-03	
1333	1.326280e-03	8.873265e-03	8.439085e-03	
1334	1.327280e-03	8.844116e-03	8.443260e-03	
1335	1.328280e-03	8.814618e-03	8.447102e-03	
1336	1.329280e-03	8.784771e-03	8.450610e-03	
1337	1.330280e-03	8.754578e-03	8.453785e-03	
1338	1.331280e-03	8.724039e-03	8.456626e-03	
1339	1.332280e-03	8.693156e-03	8.459133e-03	
1340	1.333280e-03	8.661929e-03	8.461307e-03	
1341	1.334280e-03	8.630361e-03	8.463146e-03	
1342	1.335280e-03	8.598451e-03	8.464651e-03	
1343	1.336280e-03	8.566203e-03	8.465822e-03	
1344	1.337280e-03	8.533616e-03	8.466659e-03	
1345	1.338280e-03	8.500692e-03	8.467161e-03	
1346	1.339280e-03	8.467433e-03	8.467329e-03	
1347	1.340280e-03	8.433839e-03	8.467163e-03	
1348	1.341280e-03	8.399913e-03	8.466663e-03	
1349	1.342280e-03	8.365655e-03	8.465828e-03	
1350	1.343280e-03	8.331066e-03	8.464659e-03	
1351	1.344280e-03	8.296149e-03	8.463156e-03	
1352	1.345280e-03	8.260904e-03	8.461319e-03	
1353	1.346280e-03	8.225333e-03	8.459148e-03	
1354	1.347280e-03	8.189438e-03	8.456643e-03	
1355	1.348280e-03	8.153219e-03	8.453804e-03	
1356	1.349280e-03	8.116678e-03	8.450631e-03	
1357	1.350280e-03	8.079817e-03	8.447125e-03	
1358	1.351280e-03	8.042636e-03	8.443285e-03	
1359	1.352280e-03	8.005139e-03	8.439112e-03	
1360	1.353280e-03	7.967325e-03	8.434606e-03	
1361	1.354280e-03	7.929196e-03	8.429766e-03	
1362	1.355280e-03	7.890755e-03	8.424594e-03	
1363	1.356280e-03	7.852002e-03	8.419090e-03	
1364	1.357280e-03	7.812939e-03	8.413253e-03	
1365	1.358280e-03	7.773568e-03	8.407084e-03	
1366	1.359280e-03	7.733890e-03	8.400583e-03	
1367	1.360280e-03	7.693906e-03	8.393750e-03	
1368	1.361280e-03	7.653619e-03	8.386586e-03	
1369	1.362280e-03	7.613030e-03	8.379091e-03	
1370	1.363280e-03	7.572140e-03	8.371265e-03	
1371	1.364280e-03	7.530951e-03	8.363108e-03	
1372	1.365280e-03	7.489465e-03	8.354622e-03	
1373	1.366280e-03	7.447683e-03	8.345805e-03	
1374	1.367280e-03	7.405607e-03	8.336660e-03	
1375	1.368280e-03	7.363239e-03	8.327185e-03	
1376	1.369280e-03	7.320580e-03	8.317381e-03	
1377	1.370280e-03	7.277632e-03	8.307249e-03	
1378	1.371280e-03	7.234397e-03	8.296789e-03	
1379	1.372280e-03	7.190876e-03	8.286001e-03	
1380	1.373280e-03	7.147071e-03	8.274886e-03	
1381	1.374280e-03	7.102984e-03	8.263445e-03	
1382	1.375280e-03	7.058617e-03	8.251677e-03	
1383	1.376280e-03	7.013971e-03	8.239584e-03	
1384	1.377280e-03	6.969048e-03	8.227165e-03	
1385	1.378280e-03	6.923850e-03	8.214422e-03	
1386	1.379280e-03	6.878379e-03	8.201354e-03	
1387	1.380280e-03	6.832636e-03	8.187963e-03	
1388	1.381280e-03	6.786623e-03	8.174248e-03	

Index   time            v(in)           v(out)          
--------------------------------------------------------------------------------
1389	1.382280e-03	6.740343e-03	8.160210e-03	
1390	1.383280e-03	6.693796e-03	8.145851e-03	
1391	1.384280e-03	6.646985e-03	8.131170e-03	
1392	1.385280e-03	6.599912e-03	8.116167e-03	
1393	1.386280e-03	6.552578e-03	8.100845e-03	
1394	1.387280e-03	6.504985e-03	8.085202e-03	
1395	1.388280e-03	6.457136e-03	8.069241e-03	
1396	1.389280e-03	6.409032e-03	8.052961e-03	
1397	1.390280e-03	6.360674e-03	8.036363e-03	
1398	1.391280e-03	6.312066e-03	8.019447e-03	
1399	1.392280e-03	6.263208e-03	8.002215e-03	
1400	1.393280e-03	6.214104e-03	7.984667e-03	
1401	1.394280e-03	6.164753e-03	7.966804e-03	
1402	1.395280e-03	6.115160e-03	7.948627e-03	
1403	1.396280e-03	6.065325e-03	7.930135e-03	
1404	1.397280e-03	6.015251e-03	7.911331e-03	
1405	1.398280e-03	5.964939e-03	7.892214e-03	
1406	1.399280e-03	5.914391e-03	7.872786e-03	
1407	1.400280e-03	5.863610e-03	7.853047e-03	
1408	1.401280e-03	5.812598e-03	7.832997e-03	
1409	1.402280e-03	5.761356e-03	7.812639e-03	
1410	1.403280e-03	5.709887e-03	7.791972e-03	
1411	1.404280e-03	5.658192e-03	7.770998e-03	
1412	1.405280e-03	5.606274e-03	7.749717e-03	
1413	1.406280e-03	5.554135e-03	7.728129e-03	
1414	1.407280e-03	5.501776e-03	7.706237e-03	
1415	1.408280e-03	5.449200e-03	7.684041e-03	
1416	1.409280e-03	5.396409e-03	7.661541e-03	
1417	1.410280e-03	5.343405e-03	7.638738e-03	
1418	1.411280e-03	5.290191e-03	7.615635e-03	
1419	1.412280e-03	5.236767e-03	7.592230e-03	
1420	1.413280e-03	5.183136e-03	7.568526e-03	
1421	1.414280e-03	5.129301e-03	7.544523e-03	
1422	1.415280e-03	5.075263e-03	7.520222e-03	
1423	1.416280e-03	5.021025e-03	7.495624e-03	
1424	1.417280e-03	4.966589e-03	7.470730e-03	
1425	1.418280e-03	4.911957e-03	7.445542e-03	
1426	1.419280e-03	4.857130e-03	7.420059e-03	
1427	1.420280e-03	4.802113e-03	7.394284e-03	
1428	1.421280e-03	4.746905e-03	7.368216e-03	
1429	1.422280e-03	4.691510e-03	7.341858e-03	
1430	1.423280e-03	4.635930e-03	7.315210e-03	
1431	1.424280e-03	4.580167e-03	7.288273e-03	
1432	1.425280e-03	4.524223e-03	7.261048e-03	
1433	1.426280e-03	4.468100e-03	7.233537e-03	
1434	1.427280e-03	4.411801e-03	7.205740e-03	
1435	1.428280e-03	4.355328e-03	7.177659e-03	
1436	1.429280e-03	4.298683e-03	7.149294e-03	
1437	1.430280e-03	4.241868e-03	7.120647e-03	
1438	1.431280e-03	4.184885e-03	7.091719e-03	
1439	1.432280e-03	4.127738e-03	7.062511e-03	
1440	1.433280e-03	4.070428e-03	7.033024e-03	
1441	1.434280e-03	4.012956e-03	7.003259e-03	
1442	1.435280e-03	3.955327e-03	6.973219e-03	
1443	1.436280e-03	3.897541e-03	6.942902e-03	
1444	1.437280e-03	3.839601e-03	6.912312e-03	
1445	1.438280e-03	3.781510e-03	6.881449e-03	
1446	1.439280e-03	3.723270e-03	6.850314e-03	

Index   time            v(in)           v(out)          
--------------------------------------------------------------------------------
1447	1.440280e-03	3.664882e-03	6.818908e-03	
1448	1.441280e-03	3.606350e-03	6.787234e-03	
1449	1.442280e-03	3.547676e-03	6.755291e-03	
1450	1.443280e-03	3.488861e-03	6.723082e-03	
1451	1.444280e-03	3.429909e-03	6.690608e-03	
1452	1.445280e-03	3.370821e-03	6.657869e-03	
1453	1.446280e-03	3.311600e-03	6.624867e-03	
1454	1.447280e-03	3.252249e-03	6.591604e-03	
1455	1.448280e-03	3.192769e-03	6.558081e-03	
1456	1.449280e-03	3.133163e-03	6.524299e-03	
1457	1.450280e-03	3.073433e-03	6.490259e-03	
1458	1.451280e-03	3.013582e-03	6.455963e-03	
1459	1.452280e-03	2.953612e-03	6.421412e-03	
1460	1.453280e-03	2.893526e-03	6.386607e-03	
1461	1.454280e-03	2.833325e-03	6.351551e-03	
1462	1.455280e-03	2.773012e-03	6.316244e-03	
1463	1.456280e-03	2.712590e-03	6.280687e-03	
1464	1.457280e-03	2.652061e-03	6.244882e-03	
1465	1.458280e-03	2.591427e-03	6.208831e-03	
1466	1.459280e-03	2.530691e-03	6.172535e-03	
1467	1.460280e-03	2.469855e-03	6.135995e-03	
1468	1.461280e-03	2.408921e-03	6.099213e-03	
1469	1.462280e-03	2.347892e-03	6.062190e-03	
1470	1.463280e-03	2.286771e-03	6.024928e-03	
1471	1.464280e-03	2.225559e-03	5.987428e-03	
1472	1.465280e-03	2.164260e-03	5.949691e-03	
1473	1.466280e-03	2.102875e-03	5.911720e-03	
1474	1.467280e-03	2.041407e-03	5.873515e-03	
1475	1.468280e-03	1.979858e-03	5.835078e-03	
1476	1.469280e-03	1.918231e-03	5.796411e-03	
1477	1.470280e-03	1.856529e-03	5.757515e-03	
1478	1.471280e-03	1.794753e-03	5.718392e-03	
1479	1.472280e-03	1.732907e-03	5.679043e-03	
1480	1.473280e-03	1.670991e-03	5.639470e-03	
1481	1.474280e-03	1.609010e-03	5.599675e-03	
1482	1.475280e-03	1.546966e-03	5.559658e-03	
1483	1.476280e-03	1.484860e-03	5.519422e-03	
1484	1.477280e-03	1.422696e-03	5.478967e-03	
1485	1.478280e-03	1.360476e-03	5.438297e-03	
1486	1.479280e-03	1.298202e-03	5.397412e-03	
1487	1.480280e-03	1.235876e-03	5.356314e-03	
1488	1.481280e-03	1.173502e-03	5.315004e-03	
1489	1.482280e-03	1.111082e-03	5.273484e-03	
1490	1.483280e-03	1.048617e-03	5.231757e-03	
1491	1.484280e-03	9.861115e-04	5.189822e-03	
1492	1.485280e-03	9.235668e-04	5.147683e-03	
1493	1.486280e-03	8.609857e-04	5.105341e-03	
1494	1.487280e-03	7.983706e-04	5.062797e-03	
1495	1.488280e-03	7.357240e-04	5.020053e-03	
1496	1.489280e-03	6.730483e-04	4.977111e-03	
1497	1.490280e-03	6.103460e-04	4.933973e-03	
1498	1.491280e-03	5.476197e-04	4.890640e-03	
1499	1.492280e-03	4.848717e-04	4.847113e-03	
1500	1.493280e-03	4.221046e-04	4.803396e-03	
1501	1.494280e-03	3.593208e-04	4.759488e-03	
1502	1.495280e-03	2.965229e-04	4.715393e-03	
1503	1.496280e-03	2.337132e-04	4.671112e-03	
1504	1.497280e-03	1.708943e-04	4.626646e-03	

Index   time            v(in)           v(out)          
--------------------------------------------------------------------------------
1505	1.498280e-03	1.080687e-04	4.581998e-03	
1506	1.499280e-03	4.523878e-05	4.537168e-03	
1507	1.500280e-03	-1.75929e-05	4.492160e-03	
1508	1.501280e-03	-8.04239e-05	4.446974e-03	
1509	1.502280e-03	-1.43252e-04	4.401613e-03	
1510	1.503280e-03	-2.06074e-04	4.356078e-03	
1511	1.504280e-03	-2.68888e-04	4.310371e-03	
1512	1.505280e-03	-3.31691e-04	4.264494e-03	
1513	1.506280e-03	-3.94482e-04	4.218448e-03	
1514	1.507280e-03	-4.57256e-04	4.172236e-03	
1515	1.508280e-03	-5.20013e-04	4.125859e-03	
1516	1.509280e-03	-5.82749e-04	4.079319e-03	
1517	1.510280e-03	-6.45462e-04	4.032619e-03	
1518	1.511280e-03	-7.08150e-04	3.985759e-03	
1519	1.512280e-03	-7.70810e-04	3.938741e-03	
1520	1.513280e-03	-8.33439e-04	3.891569e-03	
1521	1.514280e-03	-8.96035e-04	3.844242e-03	
1522	1.515280e-03	-9.58597e-04	3.796764e-03	
1523	1.516280e-03	-1.02112e-03	3.749136e-03	
1524	1.517280e-03	-1.08360e-03	3.701360e-03	
1525	1.518280e-03	-1.14604e-03	3.653438e-03	
1526	1.519280e-03	-1.20844e-03	3.605371e-03	
1527	1.520280e-03	-1.27078e-03	3.557162e-03	
1528	1.521280e-03	-1.33308e-03	3.508813e-03	
1529	1.522280e-03	-1.39533e-03	3.460325e-03	
1530	1.523280e-03	-1.45752e-03	3.411701e-03	
1531	1.524280e-03	-1.51965e-03	3.362942e-03	
1532	1.525280e-03	-1.58172e-03	3.314050e-03	
1533	1.526280e-03	-1.64373e-03	3.265028e-03	
1534	1.527280e-03	-1.70567e-03	3.215876e-03	
1535	1.528280e-03	-1.76755e-03	3.166598e-03	
1536	1.529280e-03	-1.82936e-03	3.117194e-03	
1537	1.530280e-03	-1.89109e-03	3.067668e-03	
1538	1.531280e-03	-1.95275e-03	3.018020e-03	
1539	1.532280e-03	-2.01434e-03	2.968253e-03	
1540	1.533280e-03	-2.07584e-03	2.918369e-03	
1541	1.534280e-03	-2.13726e-03	2.868370e-03	
1542	1.535280e-03	-2.19860e-03	2.818258e-03	
1543	1.536280e-03	-2.25985e-03	2.768034e-03	
1544	1.537280e-03	-2.32101e-03	2.717701e-03	
1545	1.538280e-03	-2.38208e-03	2.667261e-03	
1546	1.539280e-03	-2.44306e-03	2.616715e-03	
1547	1.540280e-03	-2.50394e-03	2.566066e-03	
1548	1.541280e-03	-2.56472e-03	2.515316e-03	
1549	1.542280e-03	-2.62539e-03	2.464467e-03	
1550	1.543280e-03	-2.68597e-03	2.413520e-03	
1551	1.544280e-03	-2.74644e-03	2.362478e-03	
1552	1.545280e-03	-2.80680e-03	2.311342e-03	
1553	1.546280e-03	-2.86705e-03	2.260116e-03	
1554	1.547280e-03	-2.92719e-03	2.208800e-03	
1555	1.548280e-03	-2.98721e-03	2.157397e-03	
1556	1.549280e-03	-3.04711e-03	2.105909e-03	
1557	1.550280e-03	-3.10690e-03	2.054338e-03	
1558	1.551280e-03	-3.16656e-03	2.002685e-03	
1559	1.552280e-03	-3.22609e-03	1.950954e-03	
1560	1.553280e-03	-3.28550e-03	1.899145e-03	
1561	1.554280e-03	-3.34478e-03	1.847262e-03	
1562	1.555280e-03	-3.40393e-03	1.795306e-03	

Index   time            v(in)           v(out)          
--------------------------------------------------------------------------------
1563	1.556280e-03	-3.46294e-03	1.743278e-03	
1564	1.557280e-03	-3.52181e-03	1.691182e-03	
1565	1.558280e-03	-3.58055e-03	1.639019e-03	
1566	1.559280e-03	-3.63915e-03	1.586792e-03	
1567	1.560280e-03	-3.69760e-03	1.534502e-03	
1568	1.561280e-03	-3.75590e-03	1.482151e-03	
1569	1.562280e-03	-3.81406e-03	1.429742e-03	
1570	1.563280e-03	-3.87207e-03	1.377276e-03	
1571	1.564280e-03	-3.92992e-03	1.324756e-03	
1572	1.565280e-03	-3.98762e-03	1.272183e-03	
1573	1.566280e-03	-4.04516e-03	1.219561e-03	
1574	1.567280e-03	-4.10254e-03	1.166890e-03	
1575	1.568280e-03	-4.15976e-03	1.114173e-03	
1576	1.569280e-03	-4.21682e-03	1.061412e-03	
1577	1.570280e-03	-4.27370e-03	1.008610e-03	
1578	1.571280e-03	-4.33042e-03	9.557672e-04	
1579	1.572280e-03	-4.38697e-03	9.028869e-04	
1580	1.573280e-03	-4.44335e-03	8.499710e-04	
1581	1.574280e-03	-4.49955e-03	7.970215e-04	
1582	1.575280e-03	-4.55557e-03	7.440406e-04	
1583	1.576280e-03	-4.61142e-03	6.910303e-04	
1584	1.577280e-03	-4.66708e-03	6.379927e-04	
1585	1.578280e-03	-4.72255e-03	5.849299e-04	
1586	1.579280e-03	-4.77784e-03	5.318441e-04	
1587	1.580280e-03	-4.83295e-03	4.787372e-04	
1588	1.581280e-03	-4.88786e-03	4.256115e-04	
1589	1.582280e-03	-4.94257e-03	3.724689e-04	
1590	1.583280e-03	-4.99710e-03	3.193116e-04	
1591	1.584280e-03	-5.05142e-03	2.661418e-04	
1592	1.585280e-03	-5.10555e-03	2.129614e-04	
1593	1.586280e-03	-5.15947e-03	1.597726e-04	
1594	1.587280e-03	-5.21319e-03	1.065775e-04	
1595	1.588280e-03	-5.26671e-03	5.337821e-05	
1596	1.589280e-03	-5.32002e-03	1.768022e-07	
1597	1.590280e-03	-5.37311e-03	-5.30246e-05	
1598	1.591280e-03	-5.42600e-03	-1.06224e-04	
1599	1.592280e-03	-5.47867e-03	-1.59419e-04	
1600	1.593280e-03	-5.53112e-03	-2.12608e-04	
1601	1.594280e-03	-5.58336e-03	-2.65788e-04	
1602	1.595280e-03	-5.63538e-03	-3.18958e-04	
1603	1.596280e-03	-5.68717e-03	-3.72116e-04	
1604	1.597280e-03	-5.73874e-03	-4.25258e-04	
1605	1.598280e-03	-5.79008e-03	-4.78384e-04	
1606	1.599280e-03	-5.84119e-03	-5.31491e-04	
1607	1.600280e-03	-5.89208e-03	-5.84577e-04	
1608	1.601280e-03	-5.94273e-03	-6.37640e-04	
1609	1.602280e-03	-5.99314e-03	-6.90678e-04	
1610	1.603280e-03	-6.04332e-03	-7.43688e-04	
1611	1.604280e-03	-6.09326e-03	-7.96669e-04	
1612	1.605280e-03	-6.14296e-03	-8.49619e-04	
1613	1.606280e-03	-6.19242e-03	-9.02535e-04	
1614	1.607280e-03	-6.24163e-03	-9.55416e-04	
1615	1.608280e-03	-6.29060e-03	-1.00826e-03	
1616	1.609280e-03	-6.33932e-03	-1.06106e-03	
1617	1.610280e-03	-6.38779e-03	-1.11382e-03	
1618	1.611280e-03	-6.43600e-03	-1.16654e-03	
1619	1.612280e-03	-6.48396e-03	-1.21921e-03	
1620	1.613280e-03	-6.53167e-03	-1.27183e-03	

Index   time            v(in)           v(out)          
--------------------------------------------------------------------------------
1621	1.614280e-03	-6.57912e-03	-1.32441e-03	
1622	1.615280e-03	-6.62631e-03	-1.37693e-03	
1623	1.616280e-03	-6.67323e-03	-1.42939e-03	
1624	1.617280e-03	-6.71989e-03	-1.48180e-03	
1625	1.618280e-03	-6.76629e-03	-1.53415e-03	
1626	1.619280e-03	-6.81242e-03	-1.58644e-03	
1627	1.620280e-03	-6.85829e-03	-1.63867e-03	
1628	1.621280e-03	-6.90388e-03	-1.69084e-03	
1629	1.622280e-03	-6.94919e-03	-1.74293e-03	
1630	1.623280e-03	-6.99424e-03	-1.79496e-03	
1631	1.624280e-03	-7.03901e-03	-1.84692e-03	
1632	1.625280e-03	-7.08350e-03	-1.89880e-03	
1633	1.626280e-03	-7.12771e-03	-1.95061e-03	
1634	1.627280e-03	-7.17164e-03	-2.00234e-03	
1635	1.628280e-03	-7.21528e-03	-2.05399e-03	
1636	1.629280e-03	-7.25864e-03	-2.10557e-03	
1637	1.630280e-03	-7.30172e-03	-2.15706e-03	
1638	1.631280e-03	-7.34450e-03	-2.20846e-03	
1639	1.632280e-03	-7.38700e-03	-2.25977e-03	
1640	1.633280e-03	-7.42921e-03	-2.31100e-03	
1641	1.634280e-03	-7.47112e-03	-2.36214e-03	
1642	1.635280e-03	-7.51273e-03	-2.41318e-03	
1643	1.636280e-03	-7.55405e-03	-2.46413e-03	
1644	1.637280e-03	-7.59508e-03	-2.51498e-03	
1645	1.638280e-03	-7.63580e-03	-2.56573e-03	
1646	1.639280e-03	-7.67622e-03	-2.61638e-03	
1647	1.640280e-03	-7.71633e-03	-2.66692e-03	
1648	1.641280e-03	-7.75615e-03	-2.71737e-03	
1649	1.642280e-03	-7.79565e-03	-2.76770e-03	
1650	1.643280e-03	-7.83485e-03	-2.81792e-03	
1651	1.644280e-03	-7.87374e-03	-2.86804e-03	
1652	1.645280e-03	-7.91232e-03	-2.91804e-03	
1653	1.646280e-03	-7.95059e-03	-2.96792e-03	
1654	1.647280e-03	-7.98854e-03	-3.01769e-03	
1655	1.648280e-03	-8.02618e-03	-3.06734e-03	
1656	1.649280e-03	-8.06350e-03	-3.11687e-03	
1657	1.650280e-03	-8.10050e-03	-3.16627e-03	
1658	1.651280e-03	-8.13718e-03	-3.21555e-03	
1659	1.652280e-03	-8.17354e-03	-3.26470e-03	
1660	1.653280e-03	-8.20958e-03	-3.31372e-03	
1661	1.654280e-03	-8.24529e-03	-3.36262e-03	
1662	1.655280e-03	-8.28068e-03	-3.41138e-03	
1663	1.656280e-03	-8.31574e-03	-3.46000e-03	
1664	1.657280e-03	-8.35048e-03	-3.50849e-03	
1665	1.658280e-03	-8.38488e-03	-3.55684e-03	
1666	1.659280e-03	-8.41895e-03	-3.60505e-03	
1667	1.660280e-03	-8.45269e-03	-3.65312e-03	
1668	1.661280e-03	-8.48610e-03	-3.70104e-03	
1669	1.662280e-03	-8.51917e-03	-3.74882e-03	
1670	1.663280e-03	-8.55191e-03	-3.79645e-03	
1671	1.664280e-03	-8.58430e-03	-3.84393e-03	
1672	1.665280e-03	-8.61636e-03	-3.89125e-03	
1673	1.666280e-03	-8.64808e-03	-3.93843e-03	
1674	1.667280e-03	-8.67946e-03	-3.98545e-03	
1675	1.668280e-03	-8.71049e-03	-4.03231e-03	
1676	1.669280e-03	-8.74118e-03	-4.07901e-03	
1677	1.670280e-03	-8.77153e-03	-4.12555e-03	
1678	1.671280e-03	-8.80153e-03	-4.17193e-03	

Index   time            v(in)           v(out)          
--------------------------------------------------------------------------------
1679	1.672280e-03	-8.83118e-03	-4.21814e-03	
1680	1.673280e-03	-8.86048e-03	-4.26419e-03	
1681	1.674280e-03	-8.88944e-03	-4.31007e-03	
1682	1.675280e-03	-8.91804e-03	-4.35577e-03	
1683	1.676280e-03	-8.94629e-03	-4.40131e-03	
1684	1.677280e-03	-8.97419e-03	-4.44667e-03	
1685	1.678280e-03	-9.00173e-03	-4.49186e-03	
1686	1.679280e-03	-9.02892e-03	-4.53687e-03	
1687	1.680280e-03	-9.05575e-03	-4.58170e-03	
1688	1.681280e-03	-9.08222e-03	-4.62635e-03	
1689	1.682280e-03	-9.10834e-03	-4.67082e-03	
1690	1.683280e-03	-9.13409e-03	-4.71510e-03	
1691	1.684280e-03	-9.15949e-03	-4.75920e-03	
1692	1.685280e-03	-9.18452e-03	-4.80310e-03	
1693	1.686280e-03	-9.20919e-03	-4.84682e-03	
1694	1.687280e-03	-9.23350e-03	-4.89035e-03	
1695	1.688280e-03	-9.25744e-03	-4.93368e-03	
1696	1.689280e-03	-9.28102e-03	-4.97682e-03	
1697	1.690280e-03	-9.30423e-03	-5.01977e-03	
1698	1.691280e-03	-9.32707e-03	-5.06251e-03	
1699	1.692280e-03	-9.34955e-03	-5.10506e-03	
1700	1.693280e-03	-9.37165e-03	-5.14740e-03	
1701	1.694280e-03	-9.39339e-03	-5.18954e-03	
1702	1.695280e-03	-9.41475e-03	-5.23148e-03	
1703	1.696280e-03	-9.43575e-03	-5.27321e-03	
1704	1.697280e-03	-9.45637e-03	-5.31473e-03	
1705	1.698280e-03	-9.47661e-03	-5.35604e-03	
1706	1.699280e-03	-9.49649e-03	-5.39714e-03	
1707	1.700280e-03	-9.51599e-03	-5.43802e-03	
1708	1.701280e-03	-9.53511e-03	-5.47870e-03	
1709	1.702280e-03	-9.55386e-03	-5.51915e-03	
1710	1.703280e-03	-9.57223e-03	-5.55939e-03	
1711	1.704280e-03	-9.59022e-03	-5.59941e-03	
1712	1.705280e-03	-9.60783e-03	-5.63921e-03	
1713	1.706280e-03	-9.62506e-03	-5.67878e-03	
1714	1.707280e-03	-9.64192e-03	-5.71813e-03	
1715	1.708280e-03	-9.65839e-03	-5.75725e-03	
1716	1.709280e-03	-9.67448e-03	-5.79615e-03	
1717	1.710280e-03	-9.69019e-03	-5.83482e-03	
1718	1.711280e-03	-9.70552e-03	-5.87326e-03	
1719	1.712280e-03	-9.72046e-03	-5.91147e-03	
1720	1.713280e-03	-9.73502e-03	-5.94944e-03	
1721	1.714280e-03	-9.74920e-03	-5.98718e-03	
1722	1.715280e-03	-9.76299e-03	-6.02468e-03	
1723	1.716280e-03	-9.77640e-03	-6.06194e-03	
1724	1.717280e-03	-9.78942e-03	-6.09897e-03	
1725	1.718280e-03	-9.80205e-03	-6.13575e-03	
1726	1.719280e-03	-9.81430e-03	-6.17229e-03	
1727	1.720280e-03	-9.82615e-03	-6.20859e-03	
1728	1.721280e-03	-9.83762e-03	-6.24464e-03	
1729	1.722280e-03	-9.84871e-03	-6.28045e-03	
1730	1.723280e-03	-9.85940e-03	-6.31601e-03	
1731	1.724280e-03	-9.86971e-03	-6.35132e-03	
1732	1.725280e-03	-9.87962e-03	-6.38637e-03	
1733	1.726280e-03	-9.88915e-03	-6.42118e-03	
1734	1.727280e-03	-9.89828e-03	-6.45573e-03	
1735	1.728280e-03	-9.90702e-03	-6.49003e-03	
1736	1.729280e-03	-9.91538e-03	-6.52407e-03	

Index   time            v(in)           v(out)          
--------------------------------------------------------------------------------
1737	1.730280e-03	-9.92334e-03	-6.55786e-03	
1738	1.731280e-03	-9.93091e-03	-6.59138e-03	
1739	1.732280e-03	-9.93808e-03	-6.62465e-03	
1740	1.733280e-03	-9.94487e-03	-6.65765e-03	
1741	1.734280e-03	-9.95126e-03	-6.69039e-03	
1742	1.735280e-03	-9.95726e-03	-6.72287e-03	
1743	1.736280e-03	-9.96287e-03	-6.75508e-03	
1744	1.737280e-03	-9.96808e-03	-6.78702e-03	
1745	1.738280e-03	-9.97290e-03	-6.81870e-03	
1746	1.739280e-03	-9.97732e-03	-6.85010e-03	
1747	1.740280e-03	-9.98136e-03	-6.88124e-03	
1748	1.741280e-03	-9.98499e-03	-6.91211e-03	
1749	1.742280e-03	-9.98824e-03	-6.94270e-03	
1750	1.743280e-03	-9.99109e-03	-6.97302e-03	
1751	1.744280e-03	-9.99354e-03	-7.00306e-03	
1752	1.745280e-03	-9.99560e-03	-7.03282e-03	
1753	1.746280e-03	-9.99727e-03	-7.06231e-03	
1754	1.747280e-03	-9.99854e-03	-7.09152e-03	
1755	1.748280e-03	-9.99942e-03	-7.12045e-03	
1756	1.749280e-03	-9.99990e-03	-7.14910e-03	
1757	1.750280e-03	-9.99998e-03	-7.17747e-03	
1758	1.751280e-03	-9.99968e-03	-7.20555e-03	
1759	1.752280e-03	-9.99897e-03	-7.23335e-03	
1760	1.753280e-03	-9.99788e-03	-7.26086e-03	
1761	1.754280e-03	-9.99638e-03	-7.28809e-03	
1762	1.755280e-03	-9.99450e-03	-7.31503e-03	
1763	1.756280e-03	-9.99222e-03	-7.34168e-03	
1764	1.757280e-03	-9.98954e-03	-7.36804e-03	
1765	1.758280e-03	-9.98647e-03	-7.39411e-03	
1766	1.759280e-03	-9.98301e-03	-7.41989e-03	
1767	1.760280e-03	-9.97915e-03	-7.44537e-03	
1768	1.761280e-03	-9.97489e-03	-7.47056e-03	
1769	1.762280e-03	-9.97025e-03	-7.49546e-03	
1770	1.763280e-03	-9.96521e-03	-7.52006e-03	
1771	1.764280e-03	-9.95978e-03	-7.54436e-03	
1772	1.765280e-03	-9.95395e-03	-7.56836e-03	
1773	1.766280e-03	-9.94773e-03	-7.59207e-03	
1774	1.767280e-03	-9.94112e-03	-7.61548e-03	
1775	1.768280e-03	-9.93411e-03	-7.63858e-03	
1776	1.769280e-03	-9.92672e-03	-7.66139e-03	
1777	1.770280e-03	-9.91893e-03	-7.68389e-03	
1778	1.771280e-03	-9.91075e-03	-7.70609e-03	
1779	1.772280e-03	-9.90217e-03	-7.72798e-03	
1780	1.773280e-03	-9.89321e-03	-7.74957e-03	
1781	1.774280e-03	-9.88386e-03	-7.77085e-03	
1782	1.775280e-03	-9.87412e-03	-7.79183e-03	
1783	1.776280e-03	-9.86398e-03	-7.81250e-03	
1784	1.777280e-03	-9.85346e-03	-7.83286e-03	
1785	1.778280e-03	-9.84255e-03	-7.85291e-03	
1786	1.779280e-03	-9.83125e-03	-7.87265e-03	
1787	1.780280e-03	-9.81956e-03	-7.89208e-03	
1788	1.781280e-03	-9.80748e-03	-7.91120e-03	
1789	1.782280e-03	-9.79502e-03	-7.93001e-03	
1790	1.783280e-03	-9.78217e-03	-7.94850e-03	
1791	1.784280e-03	-9.76894e-03	-7.96668e-03	
1792	1.785280e-03	-9.75531e-03	-7.98455e-03	
1793	1.786280e-03	-9.74131e-03	-8.00210e-03	
1794	1.787280e-03	-9.72692e-03	-8.01933e-03	

Index   time            v(in)           v(out)          
--------------------------------------------------------------------------------
1795	1.788280e-03	-9.71214e-03	-8.03625e-03	
1796	1.789280e-03	-9.69698e-03	-8.05285e-03	
1797	1.790280e-03	-9.68144e-03	-8.06913e-03	
1798	1.791280e-03	-9.66552e-03	-8.08509e-03	
1799	1.792280e-03	-9.64921e-03	-8.10074e-03	
1800	1.793280e-03	-9.63253e-03	-8.11606e-03	
1801	1.794280e-03	-9.61546e-03	-8.13107e-03	
1802	1.795280e-03	-9.59801e-03	-8.14575e-03	
1803	1.796280e-03	-9.58019e-03	-8.16011e-03	
1804	1.797280e-03	-9.56199e-03	-8.17415e-03	
1805	1.798280e-03	-9.54340e-03	-8.18787e-03	
1806	1.799280e-03	-9.52445e-03	-8.20126e-03	
1807	1.800280e-03	-9.50511e-03	-8.21433e-03	
1808	1.801280e-03	-9.48541e-03	-8.22708e-03	
1809	1.802280e-03	-9.46532e-03	-8.23950e-03	
1810	1.803280e-03	-9.44487e-03	-8.25159e-03	
1811	1.804280e-03	-9.42404e-03	-8.26336e-03	
1812	1.805280e-03	-9.40283e-03	-8.27481e-03	
1813	1.806280e-03	-9.38126e-03	-8.28592e-03	
1814	1.807280e-03	-9.35932e-03	-8.29671e-03	
1815	1.808280e-03	-9.33700e-03	-8.30718e-03	
1816	1.809280e-03	-9.31432e-03	-8.31731e-03	
1817	1.810280e-03	-9.29127e-03	-8.32712e-03	
1818	1.811280e-03	-9.26786e-03	-8.33659e-03	
1819	1.812280e-03	-9.24408e-03	-8.34574e-03	
1820	1.813280e-03	-9.21993e-03	-8.35456e-03	
1821	1.814280e-03	-9.19542e-03	-8.36305e-03	
1822	1.815280e-03	-9.17055e-03	-8.37121e-03	
1823	1.816280e-03	-9.14531e-03	-8.37903e-03	
1824	1.817280e-03	-9.11971e-03	-8.38653e-03	
1825	1.818280e-03	-9.09376e-03	-8.39370e-03	
1826	1.819280e-03	-9.06744e-03	-8.40053e-03	
1827	1.820280e-03	-9.04077e-03	-8.40704e-03	
1828	1.821280e-03	-9.01374e-03	-8.41321e-03	
1829	1.822280e-03	-8.98635e-03	-8.41905e-03	
1830	1.823280e-03	-8.95861e-03	-8.42455e-03	
1831	1.824280e-03	-8.93051e-03	-8.42973e-03	
1832	1.825280e-03	-8.90206e-03	-8.43457e-03	
1833	1.826280e-03	-8.87327e-03	-8.43908e-03	
1834	1.827280e-03	-8.84412e-03	-8.44325e-03	
1835	1.828280e-03	-8.81462e-03	-8.44709e-03	
1836	1.829280e-03	-8.78477e-03	-8.45060e-03	
1837	1.830280e-03	-8.75458e-03	-8.45378e-03	
1838	1.831280e-03	-8.72404e-03	-8.45662e-03	
1839	1.832280e-03	-8.69316e-03	-8.45913e-03	
1840	1.833280e-03	-8.66193e-03	-8.46130e-03	
1841	1.834280e-03	-8.63036e-03	-8.46314e-03	
1842	1.835280e-03	-8.59845e-03	-8.46464e-03	
1843	1.836280e-03	-8.56620e-03	-8.46581e-03	
1844	1.837280e-03	-8.53362e-03	-8.46665e-03	
1845	1.838280e-03	-8.50069e-03	-8.46715e-03	
1846	1.839280e-03	-8.46743e-03	-8.46732e-03	
1847	1.840280e-03	-8.43384e-03	-8.46716e-03	
1848	1.841280e-03	-8.39991e-03	-8.46666e-03	
1849	1.842280e-03	-8.36565e-03	-8.46582e-03	
1850	1.843280e-03	-8.33107e-03	-8.46465e-03	
1851	1.844280e-03	-8.29615e-03	-8.46315e-03	
1852	1.845280e-03	-8.26090e-03	-8.46131e-03	

Index   time            v(in)           v(out)          
--------------------------------------------------------------------------------
1853	1.846280e-03	-8.22533e-03	-8.45914e-03	
1854	1.847280e-03	-8.18944e-03	-8.45664e-03	
1855	1.848280e-03	-8.15322e-03	-8.45380e-03	
1856	1.849280e-03	-8.11668e-03	-8.45062e-03	
1857	1.850280e-03	-8.07982e-03	-8.44712e-03	
1858	1.851280e-03	-8.04264e-03	-8.44328e-03	
1859	1.852280e-03	-8.00514e-03	-8.43911e-03	
1860	1.853280e-03	-7.96732e-03	-8.43460e-03	
1861	1.854280e-03	-7.92920e-03	-8.42976e-03	
1862	1.855280e-03	-7.89076e-03	-8.42459e-03	
1863	1.856280e-03	-7.85200e-03	-8.41908e-03	
1864	1.857280e-03	-7.81294e-03	-8.41325e-03	
1865	1.858280e-03	-7.77357e-03	-8.40708e-03	
1866	1.859280e-03	-7.73389e-03	-8.40058e-03	
1867	1.860280e-03	-7.69391e-03	-8.39374e-03	
1868	1.861280e-03	-7.65362e-03	-8.38658e-03	
1869	1.862280e-03	-7.61303e-03	-8.37909e-03	
1870	1.863280e-03	-7.57214e-03	-8.37126e-03	
1871	1.864280e-03	-7.53095e-03	-8.36310e-03	
1872	1.865280e-03	-7.48946e-03	-8.35462e-03	
1873	1.866280e-03	-7.44768e-03	-8.34580e-03	
1874	1.867280e-03	-7.40561e-03	-8.33665e-03	
1875	1.868280e-03	-7.36324e-03	-8.32718e-03	
1876	1.869280e-03	-7.32058e-03	-8.31738e-03	
1877	1.870280e-03	-7.27763e-03	-8.30724e-03	
1878	1.871280e-03	-7.23440e-03	-8.29678e-03	
1879	1.872280e-03	-7.19088e-03	-8.28600e-03	
1880	1.873280e-03	-7.14707e-03	-8.27488e-03	
1881	1.874280e-03	-7.10298e-03	-8.26344e-03	
1882	1.875280e-03	-7.05862e-03	-8.25167e-03	
1883	1.876280e-03	-7.01397e-03	-8.23958e-03	
1884	1.877280e-03	-6.96905e-03	-8.22716e-03	
1885	1.878280e-03	-6.92385e-03	-8.21442e-03	
1886	1.879280e-03	-6.87838e-03	-8.20135e-03	
1887	1.880280e-03	-6.83264e-03	-8.18796e-03	
1888	1.881280e-03	-6.78662e-03	-8.17424e-03	
1889	1.882280e-03	-6.74034e-03	-8.16021e-03	
1890	1.883280e-03	-6.69380e-03	-8.14585e-03	
1891	1.884280e-03	-6.64699e-03	-8.13117e-03	
1892	1.885280e-03	-6.59991e-03	-8.11616e-03	
1893	1.886280e-03	-6.55258e-03	-8.10084e-03	
1894	1.887280e-03	-6.50499e-03	-8.08520e-03	
1895	1.888280e-03	-6.45714e-03	-8.06924e-03	
1896	1.889280e-03	-6.40903e-03	-8.05296e-03	
1897	1.890280e-03	-6.36067e-03	-8.03636e-03	
1898	1.891280e-03	-6.31207e-03	-8.01944e-03	
1899	1.892280e-03	-6.26321e-03	-8.00221e-03	
1900	1.893280e-03	-6.21410e-03	-7.98466e-03	
1901	1.894280e-03	-6.16475e-03	-7.96680e-03	
1902	1.895280e-03	-6.11516e-03	-7.94862e-03	
1903	1.896280e-03	-6.06532e-03	-7.93013e-03	
1904	1.897280e-03	-6.01525e-03	-7.91133e-03	
1905	1.898280e-03	-5.96494e-03	-7.89221e-03	
1906	1.899280e-03	-5.91439e-03	-7.87278e-03	
1907	1.900280e-03	-5.86361e-03	-7.85304e-03	
1908	1.901280e-03	-5.81260e-03	-7.83299e-03	
1909	1.902280e-03	-5.76136e-03	-7.81264e-03	
1910	1.903280e-03	-5.70989e-03	-7.79197e-03	

Index   time            v(in)           v(out)          
--------------------------------------------------------------------------------
1911	1.904280e-03	-5.65819e-03	-7.77099e-03	
1912	1.905280e-03	-5.60627e-03	-7.74971e-03	
1913	1.906280e-03	-5.55413e-03	-7.72813e-03	
1914	1.907280e-03	-5.50178e-03	-7.70623e-03	
1915	1.908280e-03	-5.44920e-03	-7.68404e-03	
1916	1.909280e-03	-5.39641e-03	-7.66154e-03	
1917	1.910280e-03	-5.34341e-03	-7.63873e-03	
1918	1.911280e-03	-5.29019e-03	-7.61563e-03	
1919	1.912280e-03	-5.23677e-03	-7.59223e-03	
1920	1.913280e-03	-5.18314e-03	-7.56852e-03	
1921	1.914280e-03	-5.12930e-03	-7.54452e-03	
1922	1.915280e-03	-5.07526e-03	-7.52022e-03	
1923	1.916280e-03	-5.02103e-03	-7.49562e-03	
1924	1.917280e-03	-4.96659e-03	-7.47073e-03	
1925	1.918280e-03	-4.91196e-03	-7.44554e-03	
1926	1.919280e-03	-4.85713e-03	-7.42006e-03	
1927	1.920280e-03	-4.80211e-03	-7.39428e-03	
1928	1.921280e-03	-4.74690e-03	-7.36821e-03	
1929	1.922280e-03	-4.69151e-03	-7.34185e-03	
1930	1.923280e-03	-4.63593e-03	-7.31521e-03	
1931	1.924280e-03	-4.58017e-03	-7.28827e-03	
1932	1.925280e-03	-4.52422e-03	-7.26105e-03	
1933	1.926280e-03	-4.46810e-03	-7.23353e-03	
1934	1.927280e-03	-4.41180e-03	-7.20574e-03	
1935	1.928280e-03	-4.35533e-03	-7.17766e-03	
1936	1.929280e-03	-4.29868e-03	-7.14929e-03	
1937	1.930280e-03	-4.24187e-03	-7.12064e-03	
1938	1.931280e-03	-4.18489e-03	-7.09172e-03	
1939	1.932280e-03	-4.12774e-03	-7.06251e-03	
1940	1.933280e-03	-4.07043e-03	-7.03302e-03	
1941	1.934280e-03	-4.01296e-03	-7.00326e-03	
1942	1.935280e-03	-3.95533e-03	-6.97322e-03	
1943	1.936280e-03	-3.89754e-03	-6.94290e-03	
1944	1.937280e-03	-3.83960e-03	-6.91231e-03	
1945	1.938280e-03	-3.78151e-03	-6.88145e-03	
1946	1.939280e-03	-3.72327e-03	-6.85031e-03	
1947	1.940280e-03	-3.66488e-03	-6.81891e-03	
1948	1.941280e-03	-3.60635e-03	-6.78723e-03	
1949	1.942280e-03	-3.54768e-03	-6.75529e-03	
1950	1.943280e-03	-3.48886e-03	-6.72308e-03	
1951	1.944280e-03	-3.42991e-03	-6.69061e-03	
1952	1.945280e-03	-3.37082e-03	-6.65787e-03	
1953	1.946280e-03	-3.31160e-03	-6.62486e-03	
1954	1.947280e-03	-3.25225e-03	-6.59160e-03	
1955	1.948280e-03	-3.19277e-03	-6.55808e-03	
1956	1.949280e-03	-3.13316e-03	-6.52430e-03	
1957	1.950280e-03	-3.07343e-03	-6.49026e-03	
1958	1.951280e-03	-3.01358e-03	-6.45596e-03	
1959	1.952280e-03	-2.95361e-03	-6.42141e-03	
1960	1.953280e-03	-2.89353e-03	-6.38661e-03	
1961	1.954280e-03	-2.83333e-03	-6.35155e-03	
1962	1.955280e-03	-2.77301e-03	-6.31624e-03	
1963	1.956280e-03	-2.71259e-03	-6.28068e-03	
1964	1.957280e-03	-2.65206e-03	-6.24488e-03	
1965	1.958280e-03	-2.59143e-03	-6.20883e-03	
1966	1.959280e-03	-2.53069e-03	-6.17253e-03	
1967	1.960280e-03	-2.46985e-03	-6.13599e-03	
1968	1.961280e-03	-2.40892e-03	-6.09921e-03	

Index   time            v(in)           v(out)          
--------------------------------------------------------------------------------
1969	1.962280e-03	-2.34789e-03	-6.06219e-03	
1970	1.963280e-03	-2.28677e-03	-6.02493e-03	
1971	1.964280e-03	-2.22556e-03	-5.98743e-03	
1972	1.965280e-03	-2.16426e-03	-5.94969e-03	
1973	1.966280e-03	-2.10287e-03	-5.91172e-03	
1974	1.967280e-03	-2.04141e-03	-5.87351e-03	
1975	1.968280e-03	-1.97986e-03	-5.83508e-03	
1976	1.969280e-03	-1.91823e-03	-5.79641e-03	
1977	1.970280e-03	-1.85653e-03	-5.75751e-03	
1978	1.971280e-03	-1.79475e-03	-5.71839e-03	
1979	1.972280e-03	-1.73291e-03	-5.67904e-03	
1980	1.973280e-03	-1.67099e-03	-5.63947e-03	
1981	1.974280e-03	-1.60901e-03	-5.59967e-03	
1982	1.975280e-03	-1.54697e-03	-5.55966e-03	
1983	1.976280e-03	-1.48486e-03	-5.51942e-03	
1984	1.977280e-03	-1.42270e-03	-5.47897e-03	
1985	1.978280e-03	-1.36048e-03	-5.43830e-03	
1986	1.979280e-03	-1.29820e-03	-5.39741e-03	
1987	1.980280e-03	-1.23588e-03	-5.35631e-03	
1988	1.981280e-03	-1.17350e-03	-5.31500e-03	
1989	1.982280e-03	-1.11108e-03	-5.27348e-03	
1990	1.983280e-03	-1.04862e-03	-5.23176e-03	
1991	1.984280e-03	-9.86112e-04	-5.18982e-03	
1992	1.985280e-03	-9.23567e-04	-5.14768e-03	
1993	1.986280e-03	-8.60986e-04	-5.10534e-03	
1994	1.987280e-03	-7.98371e-04	-5.06280e-03	
1995	1.988280e-03	-7.35724e-04	-5.02005e-03	
1996	1.989280e-03	-6.73048e-04	-4.97711e-03	
1997	1.990280e-03	-6.10346e-04	-4.93397e-03	
1998	1.991280e-03	-5.47620e-04	-4.89064e-03	
1999	1.992280e-03	-4.84872e-04	-4.84711e-03	
2000	1.993280e-03	-4.22105e-04	-4.80339e-03	
2001	1.994280e-03	-3.59321e-04	-4.75949e-03	
2002	1.995280e-03	-2.96523e-04	-4.71539e-03	
2003	1.996280e-03	-2.33713e-04	-4.67111e-03	
2004	1.997280e-03	-1.70894e-04	-4.62664e-03	
2005	1.998280e-03	-1.08069e-04	-4.58200e-03	
2006	1.999280e-03	-4.52388e-05	-4.53717e-03	
2007	2.000280e-03	1.759291e-05	-4.49216e-03	
2008	2.001280e-03	8.042390e-05	-4.44697e-03	
2009	2.002280e-03	1.432517e-04	-4.40161e-03	
2010	2.003280e-03	2.060739e-04	-4.35608e-03	
2011	2.004280e-03	2.688879e-04	-4.31037e-03	
2012	2.005280e-03	3.316913e-04	-4.26449e-03	
2013	2.006280e-03	3.944817e-04	-4.21845e-03	
2014	2.007280e-03	4.572564e-04	-4.17223e-03	
2015	2.008280e-03	5.200131e-04	-4.12586e-03	
2016	2.009280e-03	5.827493e-04	-4.07932e-03	
2017	2.010280e-03	6.454624e-04	-4.03262e-03	
2018	2.011280e-03	7.081501e-04	-3.98576e-03	
2019	2.012280e-03	7.708098e-04	-3.93874e-03	
2020	2.013280e-03	8.334391e-04	-3.89157e-03	
2021	2.014280e-03	8.960355e-04	-3.84424e-03	
2022	2.015280e-03	9.585965e-04	-3.79676e-03	
2023	2.016280e-03	1.021120e-03	-3.74913e-03	
2024	2.017280e-03	1.083603e-03	-3.70136e-03	
2025	2.018280e-03	1.146043e-03	-3.65344e-03	
2026	2.019280e-03	1.208437e-03	-3.60537e-03	

Index   time            v(in)           v(out)          
--------------------------------------------------------------------------------
2027	2.020280e-03	1.270785e-03	-3.55716e-03	
2028	2.021280e-03	1.333082e-03	-3.50881e-03	
2029	2.022280e-03	1.395326e-03	-3.46032e-03	
2030	2.023280e-03	1.457515e-03	-3.41170e-03	
2031	2.024280e-03	1.519647e-03	-3.36294e-03	
2032	2.025280e-03	1.581719e-03	-3.31405e-03	
2033	2.026280e-03	1.643728e-03	-3.26503e-03	
2034	2.027280e-03	1.705672e-03	-3.21588e-03	
2035	2.028280e-03	1.767549e-03	-3.16660e-03	
2036	2.029280e-03	1.829356e-03	-3.11719e-03	
2037	2.030280e-03	1.891092e-03	-3.06767e-03	
2038	2.031280e-03	1.952752e-03	-3.01802e-03	
2039	2.032280e-03	2.014335e-03	-2.96825e-03	
2040	2.033280e-03	2.075839e-03	-2.91837e-03	
2041	2.034280e-03	2.137261e-03	-2.86837e-03	
2042	2.035280e-03	2.198598e-03	-2.81826e-03	
2043	2.036280e-03	2.259849e-03	-2.76803e-03	
2044	2.037280e-03	2.321010e-03	-2.71770e-03	
2045	2.038280e-03	2.382080e-03	-2.66726e-03	
2046	2.039280e-03	2.443056e-03	-2.61671e-03	
2047	2.040280e-03	2.503935e-03	-2.56607e-03	
2048	2.041280e-03	2.564716e-03	-2.51532e-03	
2049	2.042280e-03	2.625395e-03	-2.46447e-03	
2050	2.043280e-03	2.685970e-03	-2.41352e-03	
2051	2.044280e-03	2.746440e-03	-2.36248e-03	
2052	2.045280e-03	2.806801e-03	-2.31134e-03	
2053	2.046280e-03	2.867051e-03	-2.26011e-03	
2054	2.047280e-03	2.927189e-03	-2.20880e-03	
2055	2.048280e-03	2.987210e-03	-2.15740e-03	
2056	2.049280e-03	3.047114e-03	-2.10591e-03	
2057	2.050280e-03	3.106897e-03	-2.05434e-03	
2058	2.051280e-03	3.166558e-03	-2.00268e-03	
2059	2.052280e-03	3.226093e-03	-1.95095e-03	
2060	2.053280e-03	3.285502e-03	-1.89914e-03	
2061	2.054280e-03	3.344780e-03	-1.84726e-03	
2062	2.055280e-03	3.403927e-03	-1.79530e-03	
2063	2.056280e-03	3.462939e-03	-1.74328e-03	
2064	2.057280e-03	3.521814e-03	-1.69118e-03	
2065	2.058280e-03	3.580551e-03	-1.63902e-03	
2066	2.059280e-03	3.639146e-03	-1.58679e-03	
2067	2.060280e-03	3.697597e-03	-1.53450e-03	
2068	2.061280e-03	3.755903e-03	-1.48215e-03	
2069	2.062280e-03	3.814060e-03	-1.42974e-03	
2070	2.063280e-03	3.872066e-03	-1.37728e-03	
2071	2.064280e-03	3.929920e-03	-1.32476e-03	
2072	2.065280e-03	3.987619e-03	-1.27218e-03	
2073	2.066280e-03	4.045160e-03	-1.21956e-03	
2074	2.067280e-03	4.102541e-03	-1.16689e-03	
2075	2.068280e-03	4.159761e-03	-1.11417e-03	
2076	2.069280e-03	4.216816e-03	-1.06141e-03	
2077	2.070280e-03	4.273705e-03	-1.00861e-03	
2078	2.071280e-03	4.330425e-03	-9.55766e-04	
2079	2.072280e-03	4.386974e-03	-9.02886e-04	
2080	2.073280e-03	4.443350e-03	-8.49970e-04	
2081	2.074280e-03	4.499550e-03	-7.97021e-04	
2082	2.075280e-03	4.555573e-03	-7.44040e-04	
2083	2.076280e-03	4.611416e-03	-6.91030e-04	
2084	2.077280e-03	4.667077e-03	-6.37992e-04	

Index   time            v(in)           v(out)          
--------------------------------------------------------------------------------
2085	2.078280e-03	4.722554e-03	-5.84929e-04	
2086	2.079280e-03	4.777844e-03	-5.31843e-04	
2087	2.080280e-03	4.832946e-03	-4.78737e-04	
2088	2.081280e-03	4.887857e-03	-4.25611e-04	
2089	2.082280e-03	4.942575e-03	-3.72468e-04	
2090	2.083280e-03	4.997098e-03	-3.19311e-04	
2091	2.084280e-03	5.051423e-03	-2.66141e-04	
2092	2.085280e-03	5.105549e-03	-2.12961e-04	
2093	2.086280e-03	5.159474e-03	-1.59772e-04	
2094	2.087280e-03	5.213195e-03	-1.06577e-04	
2095	2.088280e-03	5.266710e-03	-5.33776e-05	
2096	2.089280e-03	5.320017e-03	-1.76234e-07	
2097	2.090280e-03	5.373114e-03	5.302517e-05	
2098	2.091280e-03	5.425999e-03	1.062245e-04	
2099	2.092280e-03	5.478670e-03	1.594196e-04	
2100	2.093280e-03	5.531124e-03	2.126084e-04	
2101	2.094280e-03	5.583360e-03	2.657889e-04	
2102	2.095280e-03	5.635376e-03	3.189588e-04	
2103	2.096280e-03	5.687169e-03	3.721162e-04	
2104	2.097280e-03	5.738738e-03	4.252588e-04	
2105	2.098280e-03	5.790080e-03	4.783847e-04	
2106	2.099280e-03	5.841193e-03	5.314917e-04	
2107	2.100280e-03	5.892076e-03	5.845777e-04	
2108	2.101280e-03	5.942727e-03	6.376406e-04	
2109	2.102280e-03	5.993142e-03	6.906784e-04	
2110	2.103280e-03	6.043322e-03	7.436888e-04	
2111	2.104280e-03	6.093262e-03	7.966700e-04	
2112	2.105280e-03	6.142962e-03	8.496196e-04	
2113	2.106280e-03	6.192420e-03	9.025358e-04	
2114	2.107280e-03	6.241633e-03	9.554163e-04	
2115	2.108280e-03	6.290599e-03	1.008259e-03	
2116	2.109280e-03	6.339318e-03	1.061062e-03	
2117	2.110280e-03	6.387786e-03	1.113823e-03	
2118	2.111280e-03	6.436001e-03	1.166540e-03	
2119	2.112280e-03	6.483963e-03	1.219211e-03	
2120	2.113280e-03	6.531669e-03	1.271834e-03	
2121	2.114280e-03	6.579117e-03	1.324407e-03	
2122	2.115280e-03	6.626305e-03	1.376927e-03	
2123	2.116280e-03	6.673232e-03	1.429393e-03	
2124	2.117280e-03	6.719895e-03	1.481803e-03	
2125	2.118280e-03	6.766293e-03	1.534154e-03	
2126	2.119280e-03	6.812423e-03	1.586445e-03	
2127	2.120280e-03	6.858285e-03	1.638673e-03	
2128	2.121280e-03	6.903876e-03	1.690836e-03	
2129	2.122280e-03	6.949195e-03	1.742933e-03	
2130	2.123280e-03	6.994239e-03	1.794960e-03	
2131	2.124280e-03	7.039007e-03	1.846917e-03	
2132	2.125280e-03	7.083497e-03	1.898801e-03	
2133	2.126280e-03	7.127707e-03	1.950610e-03	
2134	2.127280e-03	7.171637e-03	2.002342e-03	
2135	2.128280e-03	7.215282e-03	2.053995e-03	
2136	2.129280e-03	7.258644e-03	2.105567e-03	
2137	2.130280e-03	7.301718e-03	2.157055e-03	
2138	2.131280e-03	7.344504e-03	2.208459e-03	
2139	2.132280e-03	7.387001e-03	2.259775e-03	
2140	2.133280e-03	7.429206e-03	2.311002e-03	
2141	2.134280e-03	7.471117e-03	2.362138e-03	
2142	2.135280e-03	7.512733e-03	2.413181e-03	

Index   time            v(in)           v(out)          
--------------------------------------------------------------------------------
2143	2.136280e-03	7.554053e-03	2.464128e-03	
2144	2.137280e-03	7.595075e-03	2.514979e-03	
2145	2.138280e-03	7.635797e-03	2.565729e-03	
2146	2.139280e-03	7.676217e-03	2.616379e-03	
2147	2.140280e-03	7.716335e-03	2.666925e-03	
2148	2.141280e-03	7.756147e-03	2.717366e-03	
2149	2.142280e-03	7.795654e-03	2.767700e-03	
2150	2.143280e-03	7.834853e-03	2.817924e-03	
2151	2.144280e-03	7.873742e-03	2.868037e-03	
2152	2.145280e-03	7.912321e-03	2.918037e-03	
2153	2.146280e-03	7.950587e-03	2.967922e-03	
2154	2.147280e-03	7.988539e-03	3.017690e-03	
2155	2.148280e-03	8.026176e-03	3.067338e-03	
2156	2.149280e-03	8.063496e-03	3.116865e-03	
2157	2.150280e-03	8.100498e-03	3.166270e-03	
2158	2.151280e-03	8.137180e-03	3.215549e-03	
2159	2.152280e-03	8.173541e-03	3.264701e-03	
2160	2.153280e-03	8.209579e-03	3.313725e-03	
2161	2.154280e-03	8.245293e-03	3.362617e-03	
2162	2.155280e-03	8.280682e-03	3.411377e-03	
2163	2.156280e-03	8.315743e-03	3.460003e-03	
2164	2.157280e-03	8.350476e-03	3.508491e-03	
2165	2.158280e-03	8.384880e-03	3.556841e-03	
2166	2.159280e-03	8.418953e-03	3.605051e-03	
2167	2.160280e-03	8.452693e-03	3.653118e-03	
2168	2.161280e-03	8.486099e-03	3.701042e-03	
2169	2.162280e-03	8.519171e-03	3.748819e-03	
2170	2.163280e-03	8.551906e-03	3.796448e-03	
2171	2.164280e-03	8.584304e-03	3.843927e-03	
2172	2.165280e-03	8.616362e-03	3.891254e-03	
2173	2.166280e-03	8.648081e-03	3.938428e-03	
2174	2.167280e-03	8.679458e-03	3.985446e-03	
2175	2.168280e-03	8.710493e-03	4.032307e-03	
2176	2.169280e-03	8.741183e-03	4.079009e-03	
2177	2.170280e-03	8.771529e-03	4.125550e-03	
2178	2.171280e-03	8.801528e-03	4.171928e-03	
2179	2.172280e-03	8.831180e-03	4.218141e-03	
2180	2.173280e-03	8.860483e-03	4.264188e-03	
2181	2.174280e-03	8.889436e-03	4.310066e-03	
2182	2.175280e-03	8.918038e-03	4.355774e-03	
2183	2.176280e-03	8.946289e-03	4.401310e-03	
2184	2.177280e-03	8.974186e-03	4.446673e-03	
2185	2.178280e-03	9.001729e-03	4.491860e-03	
2186	2.179280e-03	9.028916e-03	4.536869e-03	
2187	2.180280e-03	9.055747e-03	4.581700e-03	
2188	2.181280e-03	9.082221e-03	4.626349e-03	
2189	2.182280e-03	9.108336e-03	4.670816e-03	
2190	2.183280e-03	9.134091e-03	4.715099e-03	
2191	2.184280e-03	9.159486e-03	4.759195e-03	
2192	2.185280e-03	9.184519e-03	4.803104e-03	
2193	2.186280e-03	9.209190e-03	4.846823e-03	
2194	2.187280e-03	9.233497e-03	4.890350e-03	
2195	2.188280e-03	9.257439e-03	4.933685e-03	
2196	2.189280e-03	9.281016e-03	4.976825e-03	
2197	2.190280e-03	9.304227e-03	5.019768e-03	
2198	2.191280e-03	9.327070e-03	5.062513e-03	
2199	2.192280e-03	9.349545e-03	5.105058e-03	
2200	2.193280e-03	9.371651e-03	5.147402e-03	

Index   time            v(in)           v(out)          
--------------------------------------------------------------------------------
2201	2.194280e-03	9.393387e-03	5.189542e-03	
2202	2.195280e-03	9.414753e-03	5.231478e-03	
2203	2.196280e-03	9.435746e-03	5.273207e-03	
2204	2.197280e-03	9.456367e-03	5.314728e-03	
2205	2.198280e-03	9.476615e-03	5.356039e-03	
2206	2.199280e-03	9.496488e-03	5.397139e-03	
2207	2.200280e-03	9.515987e-03	5.438025e-03	
2208	2.201280e-03	9.535110e-03	5.478697e-03	
2209	2.202280e-03	9.553856e-03	5.519153e-03	
2210	2.203280e-03	9.572226e-03	5.559390e-03	
2211	2.204280e-03	9.590217e-03	5.599408e-03	
2212	2.205280e-03	9.607830e-03	5.639206e-03	
2213	2.206280e-03	9.625064e-03	5.678780e-03	
2214	2.207280e-03	9.641917e-03	5.718131e-03	
2215	2.208280e-03	9.658390e-03	5.757255e-03	
2216	2.209280e-03	9.674482e-03	5.796152e-03	
2217	2.210280e-03	9.690192e-03	5.834821e-03	
2218	2.211280e-03	9.705519e-03	5.873259e-03	
2219	2.212280e-03	9.720463e-03	5.911465e-03	
2220	2.213280e-03	9.735023e-03	5.949438e-03	
2221	2.214280e-03	9.749199e-03	5.987176e-03	
2222	2.215280e-03	9.762990e-03	6.024678e-03	
2223	2.216280e-03	9.776396e-03	6.061942e-03	
2224	2.217280e-03	9.789416e-03	6.098966e-03	
2225	2.218280e-03	9.802049e-03	6.135750e-03	
2226	2.219280e-03	9.814295e-03	6.172292e-03	
2227	2.220280e-03	9.826154e-03	6.208589e-03	
2228	2.221280e-03	9.837625e-03	6.244642e-03	
2229	2.222280e-03	9.848707e-03	6.280448e-03	
2230	2.223280e-03	9.859401e-03	6.316007e-03	
2231	2.224280e-03	9.869705e-03	6.351316e-03	
2232	2.225280e-03	9.879620e-03	6.386374e-03	
2233	2.226280e-03	9.889145e-03	6.421180e-03	
2234	2.227280e-03	9.898279e-03	6.455732e-03	
2235	2.228280e-03	9.907023e-03	6.490030e-03	
2236	2.229280e-03	9.915376e-03	6.524072e-03	
2237	2.230280e-03	9.923337e-03	6.557856e-03	
2238	2.231280e-03	9.930906e-03	6.591381e-03	
2239	2.232280e-03	9.938083e-03	6.624645e-03	
2240	2.233280e-03	9.944868e-03	6.657649e-03	
2241	2.234280e-03	9.951260e-03	6.690389e-03	
2242	2.235280e-03	9.957260e-03	6.722865e-03	
2243	2.236280e-03	9.962866e-03	6.755076e-03	
2244	2.237280e-03	9.968079e-03	6.787021e-03	
2245	2.238280e-03	9.972899e-03	6.818697e-03	
2246	2.239280e-03	9.977325e-03	6.850104e-03	
2247	2.240280e-03	9.981357e-03	6.881241e-03	
2248	2.241280e-03	9.984994e-03	6.912106e-03	
2249	2.242280e-03	9.988238e-03	6.942698e-03	
2250	2.243280e-03	9.991087e-03	6.973016e-03	
2251	2.244280e-03	9.993542e-03	7.003059e-03	
2252	2.245280e-03	9.995603e-03	7.032825e-03	
2253	2.246280e-03	9.997269e-03	7.062314e-03	
2254	2.247280e-03	9.998540e-03	7.091524e-03	
2255	2.248280e-03	9.999416e-03	7.120453e-03	
2256	2.249280e-03	9.999898e-03	7.149102e-03	
2257	2.250280e-03	9.999985e-03	7.177469e-03	
2258	2.251280e-03	9.999677e-03	7.205552e-03	

Index   time            v(in)           v(out)          
--------------------------------------------------------------------------------
2259	2.252280e-03	9.998974e-03	7.233351e-03	
2260	2.253280e-03	9.997876e-03	7.260864e-03	
2261	2.254280e-03	9.996384e-03	7.288090e-03	
2262	2.255280e-03	9.994498e-03	7.315029e-03	
2263	2.256280e-03	9.992216e-03	7.341679e-03	
2264	2.257280e-03	9.989540e-03	7.368039e-03	
2265	2.258280e-03	9.986470e-03	7.394109e-03	
2266	2.259280e-03	9.983006e-03	7.419886e-03	
2267	2.260280e-03	9.979147e-03	7.445371e-03	
2268	2.261280e-03	9.974895e-03	7.470561e-03	
2269	2.262280e-03	9.970248e-03	7.495457e-03	
2270	2.263280e-03	9.965208e-03	7.520057e-03	
2271	2.264280e-03	9.959775e-03	7.544359e-03	
2272	2.265280e-03	9.953949e-03	7.568364e-03	
2273	2.266280e-03	9.947729e-03	7.592071e-03	
2274	2.267280e-03	9.941117e-03	7.615477e-03	
2275	2.268280e-03	9.934112e-03	7.638583e-03	
2276	2.269280e-03	9.926715e-03	7.661387e-03	
2277	2.270280e-03	9.918927e-03	7.683889e-03	
2278	2.271280e-03	9.910746e-03	7.706088e-03	
2279	2.272280e-03	9.902175e-03	7.727982e-03	
2280	2.273280e-03	9.893212e-03	7.749571e-03	
2281	2.274280e-03	9.883859e-03	7.770854e-03	
2282	2.275280e-03	9.874116e-03	7.791831e-03	
2283	2.276280e-03	9.863983e-03	7.812499e-03	
2284	2.277280e-03	9.853460e-03	7.832860e-03	
2285	2.278280e-03	9.842549e-03	7.852911e-03	
2286	2.279280e-03	9.831249e-03	7.872652e-03	
2287	2.280280e-03	9.819561e-03	7.892083e-03	
2288	2.281280e-03	9.807485e-03	7.911201e-03	
2289	2.282280e-03	9.795022e-03	7.930008e-03	
2290	2.283280e-03	9.782172e-03	7.948501e-03	
2291	2.284280e-03	9.768936e-03	7.966681e-03	
2292	2.285280e-03	9.755315e-03	7.984546e-03	
2293	2.286280e-03	9.741308e-03	8.002096e-03	
2294	2.287280e-03	9.726917e-03	8.019330e-03	
2295	2.288280e-03	9.712142e-03	8.036247e-03	
2296	2.289280e-03	9.696983e-03	8.052848e-03	
2297	2.290280e-03	9.681441e-03	8.069130e-03	
2298	2.291280e-03	9.665518e-03	8.085093e-03	
2299	2.292280e-03	9.649212e-03	8.100738e-03	
2300	2.293280e-03	9.632526e-03	8.116063e-03	
2301	2.294280e-03	9.615460e-03	8.131067e-03	
2302	2.295280e-03	9.598014e-03	8.145750e-03	
2303	2.296280e-03	9.580189e-03	8.160112e-03	
2304	2.297280e-03	9.561986e-03	8.174151e-03	
2305	2.298280e-03	9.543405e-03	8.187868e-03	
2306	2.299280e-03	9.524447e-03	8.201262e-03	
2307	2.300280e-03	9.505114e-03	8.214332e-03	
2308	2.301280e-03	9.485405e-03	8.227077e-03	
2309	2.302280e-03	9.465322e-03	8.239498e-03	
2310	2.303280e-03	9.444865e-03	8.251594e-03	
2311	2.304280e-03	9.424036e-03	8.263363e-03	
2312	2.305280e-03	9.402834e-03	8.274807e-03	
2313	2.306280e-03	9.381261e-03	8.285924e-03	
2314	2.307280e-03	9.359317e-03	8.296713e-03	
2315	2.308280e-03	9.337005e-03	8.307175e-03	
2316	2.309280e-03	9.314323e-03	8.317310e-03	

Index   time            v(in)           v(out)          
--------------------------------------------------------------------------------
2317	2.310280e-03	9.291274e-03	8.327116e-03	
2318	2.311280e-03	9.267858e-03	8.336593e-03	
2319	2.312280e-03	9.244076e-03	8.345741e-03	
2320	2.313280e-03	9.219930e-03	8.354559e-03	
2321	2.314280e-03	9.195419e-03	8.363048e-03	
2322	2.315280e-03	9.170545e-03	8.371206e-03	
2323	2.316280e-03	9.145309e-03	8.379035e-03	
2324	2.317280e-03	9.119712e-03	8.386532e-03	
2325	2.318280e-03	9.093756e-03	8.393698e-03	
2326	2.319280e-03	9.067440e-03	8.400533e-03	
2327	2.320280e-03	9.040766e-03	8.407036e-03	
2328	2.321280e-03	9.013735e-03	8.413207e-03	
2329	2.322280e-03	8.986348e-03	8.419046e-03	
2330	2.323280e-03	8.958607e-03	8.424553e-03	
2331	2.324280e-03	8.930512e-03	8.429727e-03	
2332	2.325280e-03	8.902064e-03	8.434569e-03	
2333	2.326280e-03	8.873265e-03	8.439077e-03	
2334	2.327280e-03	8.844116e-03	8.443252e-03	
2335	2.328280e-03	8.814618e-03	8.447094e-03	
2336	2.329280e-03	8.784771e-03	8.450603e-03	
2337	2.330280e-03	8.754578e-03	8.453778e-03	
2338	2.331280e-03	8.724039e-03	8.456619e-03	
2339	2.332280e-03	8.693156e-03	8.459126e-03	
2340	2.333280e-03	8.661929e-03	8.461299e-03	
2341	2.334280e-03	8.630361e-03	8.463139e-03	
2342	2.335280e-03	8.598451e-03	8.464644e-03	
2343	2.336280e-03	8.566203e-03	8.465815e-03	
2344	2.337280e-03	8.533616e-03	8.466652e-03	
2345	2.338280e-03	8.500692e-03	8.467154e-03	
2346	2.339280e-03	8.467433e-03	8.467322e-03	
2347	2.340280e-03	8.433839e-03	8.467156e-03	
2348	2.341280e-03	8.399913e-03	8.466656e-03	
2349	2.342280e-03	8.365655e-03	8.465821e-03	
2350	2.343280e-03	8.331066e-03	8.464653e-03	
2351	2.344280e-03	8.296149e-03	8.463150e-03	
2352	2.345280e-03	8.260904e-03	8.461313e-03	
2353	2.346280e-03	8.225333e-03	8.459142e-03	
2354	2.347280e-03	8.189438e-03	8.456637e-03	
2355	2.348280e-03	8.153219e-03	8.453798e-03	
2356	2.349280e-03	8.116678e-03	8.450625e-03	
2357	2.350280e-03	8.079817e-03	8.447119e-03	
2358	2.351280e-03	8.042636e-03	8.443279e-03	
2359	2.352280e-03	8.005139e-03	8.439106e-03	
2360	2.353280e-03	7.967325e-03	8.434600e-03	
2361	2.354280e-03	7.929196e-03	8.429761e-03	
2362	2.355280e-03	7.890755e-03	8.424589e-03	
2363	2.356280e-03	7.852002e-03	8.419084e-03	
2364	2.357280e-03	7.812939e-03	8.413247e-03	
2365	2.358280e-03	7.773568e-03	8.407078e-03	
2366	2.359280e-03	7.733890e-03	8.400577e-03	
2367	2.360280e-03	7.693906e-03	8.393744e-03	
2368	2.361280e-03	7.653619e-03	8.386580e-03	
2369	2.362280e-03	7.613030e-03	8.379085e-03	
2370	2.363280e-03	7.572140e-03	8.371259e-03	
2371	2.364280e-03	7.530951e-03	8.363103e-03	
2372	2.365280e-03	7.489465e-03	8.354617e-03	
2373	2.366280e-03	7.447683e-03	8.345800e-03	
2374	2.367280e-03	7.405607e-03	8.336654e-03	

Index   time            v(in)           v(out)          
--------------------------------------------------------------------------------
2375	2.368280e-03	7.363239e-03	8.327179e-03	
2376	2.369280e-03	7.320580e-03	8.317376e-03	
2377	2.370280e-03	7.277632e-03	8.307244e-03	
2378	2.371280e-03	7.234397e-03	8.296784e-03	
2379	2.372280e-03	7.190876e-03	8.285996e-03	
2380	2.373280e-03	7.147071e-03	8.274882e-03	
2381	2.374280e-03	7.102984e-03	8.263440e-03	
2382	2.375280e-03	7.058617e-03	8.251673e-03	
2383	2.376280e-03	7.013971e-03	8.239579e-03	
2384	2.377280e-03	6.969048e-03	8.227161e-03	
2385	2.378280e-03	6.923850e-03	8.214417e-03	
2386	2.379280e-03	6.878379e-03	8.201350e-03	
2387	2.380280e-03	6.832636e-03	8.187958e-03	
2388	2.381280e-03	6.786623e-03	8.174243e-03	
2389	2.382280e-03	6.740343e-03	8.160206e-03	
2390	2.383280e-03	6.693796e-03	8.145846e-03	
2391	2.384280e-03	6.646985e-03	8.131165e-03	
2392	2.385280e-03	6.599912e-03	8.116163e-03	
2393	2.386280e-03	6.552578e-03	8.100841e-03	
2394	2.387280e-03	6.504985e-03	8.085198e-03	
2395	2.388280e-03	6.457136e-03	8.069237e-03	
2396	2.389280e-03	6.409032e-03	8.052956e-03	
2397	2.390280e-03	6.360674e-03	8.036358e-03	
2398	2.391280e-03	6.312066e-03	8.019443e-03	
2399	2.392280e-03	6.263208e-03	8.002211e-03	
2400	2.393280e-03	6.214104e-03	7.984663e-03	
2401	2.394280e-03	6.164753e-03	7.966800e-03	
2402	2.395280e-03	6.115160e-03	7.948623e-03	
2403	2.396280e-03	6.065325e-03	7.930131e-03	
2404	2.397280e-03	6.015251e-03	7.911327e-03	
2405	2.398280e-03	5.964939e-03	7.892210e-03	
2406	2.399280e-03	5.914391e-03	7.872782e-03	
2407	2.400280e-03	5.863610e-03	7.853043e-03	
2408	2.401280e-03	5.812598e-03	7.832994e-03	
2409	2.402280e-03	5.761356e-03	7.812635e-03	
2410	2.403280e-03	5.709887e-03	7.791969e-03	
2411	2.404280e-03	5.658192e-03	7.770994e-03	
2412	2.405280e-03	5.606274e-03	7.749713e-03	
2413	2.406280e-03	5.554135e-03	7.728126e-03	
2414	2.407280e-03	5.501776e-03	7.706234e-03	
2415	2.408280e-03	5.449200e-03	7.684037e-03	
2416	2.409280e-03	5.396409e-03	7.661537e-03	
2417	2.410280e-03	5.343405e-03	7.638735e-03	
2418	2.411280e-03	5.290191e-03	7.615631e-03	
2419	2.412280e-03	5.236767e-03	7.592227e-03	
2420	2.413280e-03	5.183136e-03	7.568522e-03	
2421	2.414280e-03	5.129301e-03	7.544519e-03	
2422	2.415280e-03	5.075263e-03	7.520219e-03	
2423	2.416280e-03	5.021025e-03	7.495621e-03	
2424	2.417280e-03	4.966589e-03	7.470727e-03	
2425	2.418280e-03	4.911957e-03	7.445539e-03	
2426	2.419280e-03	4.857130e-03	7.420056e-03	
2427	2.420280e-03	4.802113e-03	7.394281e-03	
2428	2.421280e-03	4.746905e-03	7.368213e-03	
2429	2.422280e-03	4.691510e-03	7.341855e-03	
2430	2.423280e-03	4.635930e-03	7.315207e-03	
2431	2.424280e-03	4.580167e-03	7.288270e-03	
2432	2.425280e-03	4.524223e-03	7.261045e-03	

Index   time            v(in)           v(out)          
--------------------------------------------------------------------------------
2433	2.426280e-03	4.468100e-03	7.233534e-03	
2434	2.427280e-03	4.411801e-03	7.205737e-03	
2435	2.428280e-03	4.355328e-03	7.177656e-03	
2436	2.429280e-03	4.298683e-03	7.149291e-03	
2437	2.430280e-03	4.241868e-03	7.120644e-03	
2438	2.431280e-03	4.184885e-03	7.091716e-03	
2439	2.432280e-03	4.127738e-03	7.062508e-03	
2440	2.433280e-03	4.070428e-03	7.033021e-03	
2441	2.434280e-03	4.012956e-03	7.003257e-03	
2442	2.435280e-03	3.955327e-03	6.973216e-03	
2443	2.436280e-03	3.897541e-03	6.942900e-03	
2444	2.437280e-03	3.839601e-03	6.912309e-03	
2445	2.438280e-03	3.781510e-03	6.881446e-03	
2446	2.439280e-03	3.723270e-03	6.850311e-03	
2447	2.440280e-03	3.664882e-03	6.818906e-03	
2448	2.441280e-03	3.606350e-03	6.787231e-03	
2449	2.442280e-03	3.547676e-03	6.755289e-03	
2450	2.443280e-03	3.488861e-03	6.723080e-03	
2451	2.444280e-03	3.429909e-03	6.690605e-03	
2452	2.445280e-03	3.370821e-03	6.657866e-03	
2453	2.446280e-03	3.311600e-03	6.624865e-03	
2454	2.447280e-03	3.252249e-03	6.591602e-03	
2455	2.448280e-03	3.192769e-03	6.558078e-03	
2456	2.449280e-03	3.133163e-03	6.524296e-03	
2457	2.450280e-03	3.073433e-03	6.490256e-03	
2458	2.451280e-03	3.013582e-03	6.455960e-03	
2459	2.452280e-03	2.953612e-03	6.421410e-03	
2460	2.453280e-03	2.893526e-03	6.386605e-03	
2461	2.454280e-03	2.833325e-03	6.351549e-03	
2462	2.455280e-03	2.773012e-03	6.316241e-03	
2463	2.456280e-03	2.712590e-03	6.280685e-03	
2464	2.457280e-03	2.652061e-03	6.244880e-03	
2465	2.458280e-03	2.591427e-03	6.208829e-03	
2466	2.459280e-03	2.530691e-03	6.172533e-03	
2467	2.460280e-03	2.469855e-03	6.135993e-03	
2468	2.461280e-03	2.408921e-03	6.099211e-03	
2469	2.462280e-03	2.347892e-03	6.062188e-03	
2470	2.463280e-03	2.286771e-03	6.024926e-03	
2471	2.464280e-03	2.225559e-03	5.987426e-03	
2472	2.465280e-03	2.164260e-03	5.949689e-03	
2473	2.466280e-03	2.102875e-03	5.911718e-03	
2474	2.467280e-03	2.041407e-03	5.873513e-03	
2475	2.468280e-03	1.979858e-03	5.835076e-03	
2476	2.469280e-03	1.918231e-03	5.796409e-03	
2477	2.470280e-03	1.856529e-03	5.757514e-03	
2478	2.471280e-03	1.794753e-03	5.718391e-03	
2479	2.472280e-03	1.732907e-03	5.679042e-03	
2480	2.473280e-03	1.670991e-03	5.639469e-03	
2481	2.474280e-03	1.609010e-03	5.599673e-03	
2482	2.475280e-03	1.546966e-03	5.559656e-03	
2483	2.476280e-03	1.484860e-03	5.519420e-03	
2484	2.477280e-03	1.422696e-03	5.478966e-03	
2485	2.478280e-03	1.360476e-03	5.438295e-03	
2486	2.479280e-03	1.298202e-03	5.397410e-03	
2487	2.480280e-03	1.235876e-03	5.356312e-03	
2488	2.481280e-03	1.173502e-03	5.315002e-03	
2489	2.482280e-03	1.111082e-03	5.273483e-03	
2490	2.483280e-03	1.048617e-03	5.231755e-03	

Index   time            v(in)           v(out)          
--------------------------------------------------------------------------------
2491	2.484280e-03	9.861115e-04	5.189821e-03	
2492	2.485280e-03	9.235668e-04	5.147682e-03	
2493	2.486280e-03	8.609857e-04	5.105339e-03	
2494	2.487280e-03	7.983706e-04	5.062795e-03	
2495	2.488280e-03	7.357240e-04	5.020052e-03	
2496	2.489280e-03	6.730483e-04	4.977110e-03	
2497	2.490280e-03	6.103460e-04	4.933971e-03	
2498	2.491280e-03	5.476197e-04	4.890638e-03	
2499	2.492280e-03	4.848717e-04	4.847112e-03	
2500	2.493280e-03	4.221046e-04	4.803394e-03	
2501	2.494280e-03	3.593208e-04	4.759487e-03	
2502	2.495280e-03	2.965229e-04	4.715392e-03	
2503	2.496280e-03	2.337132e-04	4.671110e-03	
2504	2.497280e-03	1.708943e-04	4.626645e-03	
2505	2.498280e-03	1.080687e-04	4.581996e-03	
2506	2.499280e-03	4.523878e-05	4.537167e-03	
2507	2.500280e-03	-1.75929e-05	4.492159e-03	
2508	2.501280e-03	-8.04239e-05	4.446973e-03	
2509	2.502280e-03	-1.43252e-04	4.401612e-03	
2510	2.503280e-03	-2.06074e-04	4.356076e-03	
2511	2.504280e-03	-2.68888e-04	4.310369e-03	
2512	2.505280e-03	-3.31691e-04	4.264492e-03	
2513	2.506280e-03	-3.94482e-04	4.218447e-03	
2514	2.507280e-03	-4.57256e-04	4.172235e-03	
2515	2.508280e-03	-5.20013e-04	4.125858e-03	
2516	2.509280e-03	-5.82749e-04	4.079318e-03	
2517	2.510280e-03	-6.45462e-04	4.032617e-03	
2518	2.511280e-03	-7.08150e-04	3.985757e-03	
2519	2.512280e-03	-7.70810e-04	3.938740e-03	
2520	2.513280e-03	-8.33439e-04	3.891567e-03	
2521	2.514280e-03	-8.96035e-04	3.844241e-03	
2522	2.515280e-03	-9.58597e-04	3.796763e-03	
2523	2.516280e-03	-1.02112e-03	3.749135e-03	
2524	2.517280e-03	-1.08360e-03	3.701359e-03	
2525	2.518280e-03	-1.14604e-03	3.653436e-03	
2526	2.519280e-03	-1.20844e-03	3.605370e-03	
2527	2.520280e-03	-1.27078e-03	3.557161e-03	
2528	2.521280e-03	-1.33308e-03	3.508812e-03	
2529	2.522280e-03	-1.39533e-03	3.460324e-03	
2530	2.523280e-03	-1.45752e-03	3.411700e-03	
2531	2.524280e-03	-1.51965e-03	3.362941e-03	
2532	2.525280e-03	-1.58172e-03	3.314049e-03	
2533	2.526280e-03	-1.64373e-03	3.265027e-03	
2534	2.527280e-03	-1.70567e-03	3.215875e-03	
2535	2.528280e-03	-1.76755e-03	3.166597e-03	
2536	2.529280e-03	-1.82936e-03	3.117193e-03	
2537	2.530280e-03	-1.89109e-03	3.067667e-03	
2538	2.531280e-03	-1.95275e-03	3.018019e-03	
2539	2.532280e-03	-2.01434e-03	2.968252e-03	
2540	2.533280e-03	-2.07584e-03	2.918368e-03	
2541	2.534280e-03	-2.13726e-03	2.868369e-03	
2542	2.535280e-03	-2.19860e-03	2.818257e-03	
2543	2.536280e-03	-2.25985e-03	2.768033e-03	
2544	2.537280e-03	-2.32101e-03	2.717700e-03	
2545	2.538280e-03	-2.38208e-03	2.667260e-03	
2546	2.539280e-03	-2.44306e-03	2.616714e-03	
2547	2.540280e-03	-2.50394e-03	2.566065e-03	
2548	2.541280e-03	-2.56472e-03	2.515315e-03	

Index   time            v(in)           v(out)          
--------------------------------------------------------------------------------
2549	2.542280e-03	-2.62539e-03	2.464466e-03	
2550	2.543280e-03	-2.68597e-03	2.413519e-03	
2551	2.544280e-03	-2.74644e-03	2.362477e-03	
2552	2.545280e-03	-2.80680e-03	2.311342e-03	
2553	2.546280e-03	-2.86705e-03	2.260115e-03	
2554	2.547280e-03	-2.92719e-03	2.208799e-03	
2555	2.548280e-03	-2.98721e-03	2.157396e-03	
2556	2.549280e-03	-3.04711e-03	2.105908e-03	
2557	2.550280e-03	-3.10690e-03	2.054337e-03	
2558	2.551280e-03	-3.16656e-03	2.002684e-03	
2559	2.552280e-03	-3.22609e-03	1.950953e-03	
2560	2.553280e-03	-3.28550e-03	1.899145e-03	
2561	2.554280e-03	-3.34478e-03	1.847261e-03	
2562	2.555280e-03	-3.40393e-03	1.795305e-03	
2563	2.556280e-03	-3.46294e-03	1.743278e-03	
2564	2.557280e-03	-3.52181e-03	1.691181e-03	
2565	2.558280e-03	-3.58055e-03	1.639019e-03	
2566	2.559280e-03	-3.63915e-03	1.586791e-03	
2567	2.560280e-03	-3.69760e-03	1.534501e-03	
2568	2.561280e-03	-3.75590e-03	1.482150e-03	
2569	2.562280e-03	-3.81406e-03	1.429741e-03	
2570	2.563280e-03	-3.87207e-03	1.377275e-03	
2571	2.564280e-03	-3.92992e-03	1.324755e-03	
2572	2.565280e-03	-3.98762e-03	1.272183e-03	
2573	2.566280e-03	-4.04516e-03	1.219560e-03	
2574	2.567280e-03	-4.10254e-03	1.166889e-03	
2575	2.568280e-03	-4.15976e-03	1.114173e-03	
2576	2.569280e-03	-4.21682e-03	1.061412e-03	
2577	2.570280e-03	-4.27370e-03	1.008609e-03	
2578	2.571280e-03	-4.33042e-03	9.557665e-04	
2579	2.572280e-03	-4.38697e-03	9.028862e-04	
2580	2.573280e-03	-4.44335e-03	8.499703e-04	
2581	2.574280e-03	-4.49955e-03	7.970209e-04	
2582	2.575280e-03	-4.55557e-03	7.440399e-04	
2583	2.576280e-03	-4.61142e-03	6.910297e-04	
2584	2.577280e-03	-4.66708e-03	6.379921e-04	
2585	2.578280e-03	-4.72255e-03	5.849293e-04	
2586	2.579280e-03	-4.77784e-03	5.318435e-04	
2587	2.580280e-03	-4.83295e-03	4.787366e-04	
2588	2.581280e-03	-4.88786e-03	4.256108e-04	
2589	2.582280e-03	-4.94257e-03	3.724683e-04	
2590	2.583280e-03	-4.99710e-03	3.193110e-04	
2591	2.584280e-03	-5.05142e-03	2.661412e-04	
2592	2.585280e-03	-5.10555e-03	2.129608e-04	
2593	2.586280e-03	-5.15947e-03	1.597720e-04	
2594	2.587280e-03	-5.21319e-03	1.065769e-04	
2595	2.588280e-03	-5.26671e-03	5.337764e-05	
2596	2.589280e-03	-5.32002e-03	1.762380e-07	
2597	2.590280e-03	-5.37311e-03	-5.30252e-05	
2598	2.591280e-03	-5.42600e-03	-1.06224e-04	
2599	2.592280e-03	-5.47867e-03	-1.59420e-04	
2600	2.593280e-03	-5.53112e-03	-2.12608e-04	
2601	2.594280e-03	-5.58336e-03	-2.65789e-04	
2602	2.595280e-03	-5.63538e-03	-3.18959e-04	
2603	2.596280e-03	-5.68717e-03	-3.72116e-04	
2604	2.597280e-03	-5.73874e-03	-4.25259e-04	
2605	2.598280e-03	-5.79008e-03	-4.78385e-04	
2606	2.599280e-03	-5.84119e-03	-5.31492e-04	

Index   time            v(in)           v(out)          
--------------------------------------------------------------------------------
2607	2.600280e-03	-5.89208e-03	-5.84578e-04	
2608	2.601280e-03	-5.94273e-03	-6.37641e-04	
2609	2.602280e-03	-5.99314e-03	-6.90678e-04	
2610	2.603280e-03	-6.04332e-03	-7.43689e-04	
2611	2.604280e-03	-6.09326e-03	-7.96670e-04	
2612	2.605280e-03	-6.14296e-03	-8.49620e-04	
2613	2.606280e-03	-6.19242e-03	-9.02536e-04	
2614	2.607280e-03	-6.24163e-03	-9.55416e-04	
2615	2.608280e-03	-6.29060e-03	-1.00826e-03	
2616	2.609280e-03	-6.33932e-03	-1.06106e-03	
2617	2.610280e-03	-6.38779e-03	-1.11382e-03	
2618	2.611280e-03	-6.43600e-03	-1.16654e-03	
2619	2.612280e-03	-6.48396e-03	-1.21921e-03	
2620	2.613280e-03	-6.53167e-03	-1.27183e-03	
2621	2.614280e-03	-6.57912e-03	-1.32441e-03	
2622	2.615280e-03	-6.62631e-03	-1.37693e-03	
2623	2.616280e-03	-6.67323e-03	-1.42939e-03	
2624	2.617280e-03	-6.71989e-03	-1.48180e-03	
2625	2.618280e-03	-6.76629e-03	-1.53415e-03	
2626	2.619280e-03	-6.81242e-03	-1.58644e-03	
2627	2.620280e-03	-6.85829e-03	-1.63867e-03	
2628	2.621280e-03	-6.90388e-03	-1.69084e-03	
2629	2.622280e-03	-6.94919e-03	-1.74293e-03	
2630	2.623280e-03	-6.99424e-03	-1.79496e-03	
2631	2.624280e-03	-7.03901e-03	-1.84692e-03	
2632	2.625280e-03	-7.08350e-03	-1.89880e-03	
2633	2.626280e-03	-7.12771e-03	-1.95061e-03	
2634	2.627280e-03	-7.17164e-03	-2.00234e-03	
2635	2.628280e-03	-7.21528e-03	-2.05399e-03	
2636	2.629280e-03	-7.25864e-03	-2.10557e-03	
2637	2.630280e-03	-7.30172e-03	-2.15706e-03	
2638	2.631280e-03	-7.34450e-03	-2.20846e-03	
2639	2.632280e-03	-7.38700e-03	-2.25978e-03	
2640	2.633280e-03	-7.42921e-03	-2.31100e-03	
2641	2.634280e-03	-7.47112e-03	-2.36214e-03	
2642	2.635280e-03	-7.51273e-03	-2.41318e-03	
2643	2.636280e-03	-7.55405e-03	-2.46413e-03	
2644	2.637280e-03	-7.59508e-03	-2.51498e-03	
2645	2.638280e-03	-7.63580e-03	-2.56573e-03	
2646	2.639280e-03	-7.67622e-03	-2.61638e-03	
2647	2.640280e-03	-7.71633e-03	-2.66693e-03	
2648	2.641280e-03	-7.75615e-03	-2.71737e-03	
2649	2.642280e-03	-7.79565e-03	-2.76770e-03	
2650	2.643280e-03	-7.83485e-03	-2.81792e-03	
2651	2.644280e-03	-7.87374e-03	-2.86804e-03	
2652	2.645280e-03	-7.91232e-03	-2.91804e-03	
2653	2.646280e-03	-7.95059e-03	-2.96792e-03	
2654	2.647280e-03	-7.98854e-03	-3.01769e-03	
2655	2.648280e-03	-8.02618e-03	-3.06734e-03	
2656	2.649280e-03	-8.06350e-03	-3.11687e-03	
2657	2.650280e-03	-8.10050e-03	-3.16627e-03	
2658	2.651280e-03	-8.13718e-03	-3.21555e-03	
2659	2.652280e-03	-8.17354e-03	-3.26470e-03	
2660	2.653280e-03	-8.20958e-03	-3.31372e-03	
2661	2.654280e-03	-8.24529e-03	-3.36262e-03	
2662	2.655280e-03	-8.28068e-03	-3.41138e-03	
2663	2.656280e-03	-8.31574e-03	-3.46000e-03	
2664	2.657280e-03	-8.35048e-03	-3.50849e-03	

Index   time            v(in)           v(out)          
--------------------------------------------------------------------------------
2665	2.658280e-03	-8.38488e-03	-3.55684e-03	
2666	2.659280e-03	-8.41895e-03	-3.60505e-03	
2667	2.660280e-03	-8.45269e-03	-3.65312e-03	
2668	2.661280e-03	-8.48610e-03	-3.70104e-03	
2669	2.662280e-03	-8.51917e-03	-3.74882e-03	
2670	2.663280e-03	-8.55191e-03	-3.79645e-03	
2671	2.664280e-03	-8.58430e-03	-3.84393e-03	
2672	2.665280e-03	-8.61636e-03	-3.89125e-03	
2673	2.666280e-03	-8.64808e-03	-3.93843e-03	
2674	2.667280e-03	-8.67946e-03	-3.98545e-03	
2675	2.668280e-03	-8.71049e-03	-4.03231e-03	
2676	2.669280e-03	-8.74118e-03	-4.07901e-03	
2677	2.670280e-03	-8.77153e-03	-4.12555e-03	
2678	2.671280e-03	-8.80153e-03	-4.17193e-03	
2679	2.672280e-03	-8.83118e-03	-4.21814e-03	
2680	2.673280e-03	-8.86048e-03	-4.26419e-03	
2681	2.674280e-03	-8.88944e-03	-4.31007e-03	
2682	2.675280e-03	-8.91804e-03	-4.35577e-03	
2683	2.676280e-03	-8.94629e-03	-4.40131e-03	
2684	2.677280e-03	-8.97419e-03	-4.44667e-03	
2685	2.678280e-03	-9.00173e-03	-4.49186e-03	
2686	2.679280e-03	-9.02892e-03	-4.53687e-03	
2687	2.680280e-03	-9.05575e-03	-4.58170e-03	
2688	2.681280e-03	-9.08222e-03	-4.62635e-03	
2689	2.682280e-03	-9.10834e-03	-4.67082e-03	
2690	2.683280e-03	-9.13409e-03	-4.71510e-03	
2691	2.684280e-03	-9.15949e-03	-4.75920e-03	
2692	2.685280e-03	-9.18452e-03	-4.80310e-03	
2693	2.686280e-03	-9.20919e-03	-4.84682e-03	
2694	2.687280e-03	-9.23350e-03	-4.89035e-03	
2695	2.688280e-03	-9.25744e-03	-4.93368e-03	
2696	2.689280e-03	-9.28102e-03	-4.97682e-03	
2697	2.690280e-03	-9.30423e-03	-5.01977e-03	
2698	2.691280e-03	-9.32707e-03	-5.06251e-03	
2699	2.692280e-03	-9.34955e-03	-5.10506e-03	
2700	2.693280e-03	-9.37165e-03	-5.14740e-03	
2701	2.694280e-03	-9.39339e-03	-5.18954e-03	
2702	2.695280e-03	-9.41475e-03	-5.23148e-03	
2703	2.696280e-03	-9.43575e-03	-5.27321e-03	
2704	2.697280e-03	-9.45637e-03	-5.31473e-03	
2705	2.698280e-03	-9.47661e-03	-5.35604e-03	
2706	2.699280e-03	-9.49649e-03	-5.39714e-03	
2707	2.700280e-03	-9.51599e-03	-5.43803e-03	
2708	2.701280e-03	-9.53511e-03	-5.47870e-03	
2709	2.702280e-03	-9.55386e-03	-5.51915e-03	
2710	2.703280e-03	-9.57223e-03	-5.55939e-03	
2711	2.704280e-03	-9.59022e-03	-5.59941e-03	
2712	2.705280e-03	-9.60783e-03	-5.63921e-03	
2713	2.706280e-03	-9.62506e-03	-5.67878e-03	
2714	2.707280e-03	-9.64192e-03	-5.71813e-03	
2715	2.708280e-03	-9.65839e-03	-5.75726e-03	
2716	2.709280e-03	-9.67448e-03	-5.79615e-03	
2717	2.710280e-03	-9.69019e-03	-5.83482e-03	
2718	2.711280e-03	-9.70552e-03	-5.87326e-03	
2719	2.712280e-03	-9.72046e-03	-5.91147e-03	
2720	2.713280e-03	-9.73502e-03	-5.94944e-03	
2721	2.714280e-03	-9.74920e-03	-5.98718e-03	
2722	2.715280e-03	-9.76299e-03	-6.02468e-03	

Index   time            v(in)           v(out)          
--------------------------------------------------------------------------------
2723	2.716280e-03	-9.77640e-03	-6.06194e-03	
2724	2.717280e-03	-9.78942e-03	-6.09897e-03	
2725	2.718280e-03	-9.80205e-03	-6.13575e-03	
2726	2.719280e-03	-9.81430e-03	-6.17229e-03	
2727	2.720280e-03	-9.82615e-03	-6.20859e-03	
2728	2.721280e-03	-9.83762e-03	-6.24464e-03	
2729	2.722280e-03	-9.84871e-03	-6.28045e-03	
2730	2.723280e-03	-9.85940e-03	-6.31601e-03	
2731	2.724280e-03	-9.86971e-03	-6.35132e-03	
2732	2.725280e-03	-9.87962e-03	-6.38637e-03	
2733	2.726280e-03	-9.88915e-03	-6.42118e-03	
2734	2.727280e-03	-9.89828e-03	-6.45573e-03	
2735	2.728280e-03	-9.90702e-03	-6.49003e-03	
2736	2.729280e-03	-9.91538e-03	-6.52407e-03	
2737	2.730280e-03	-9.92334e-03	-6.55786e-03	
2738	2.731280e-03	-9.93091e-03	-6.59138e-03	
2739	2.732280e-03	-9.93808e-03	-6.62465e-03	
2740	2.733280e-03	-9.94487e-03	-6.65765e-03	
2741	2.734280e-03	-9.95126e-03	-6.69039e-03	
2742	2.735280e-03	-9.95726e-03	-6.72287e-03	
2743	2.736280e-03	-9.96287e-03	-6.75508e-03	
2744	2.737280e-03	-9.96808e-03	-6.78702e-03	
2745	2.738280e-03	-9.97290e-03	-6.81870e-03	
2746	2.739280e-03	-9.97732e-03	-6.85010e-03	
2747	2.740280e-03	-9.98136e-03	-6.88124e-03	
2748	2.741280e-03	-9.98499e-03	-6.91211e-03	
2749	2.742280e-03	-9.98824e-03	-6.94270e-03	
2750	2.743280e-03	-9.99109e-03	-6.97302e-03	
2751	2.744280e-03	-9.99354e-03	-7.00306e-03	
2752	2.745280e-03	-9.99560e-03	-7.03283e-03	
2753	2.746280e-03	-9.99727e-03	-7.06231e-03	
2754	2.747280e-03	-9.99854e-03	-7.09152e-03	
2755	2.748280e-03	-9.99942e-03	-7.12045e-03	
2756	2.749280e-03	-9.99990e-03	-7.14910e-03	
2757	2.750280e-03	-9.99998e-03	-7.17747e-03	
2758	2.751280e-03	-9.99968e-03	-7.20555e-03	
2759	2.752280e-03	-9.99897e-03	-7.23335e-03	
2760	2.753280e-03	-9.99788e-03	-7.26086e-03	
2761	2.754280e-03	-9.99638e-03	-7.28809e-03	
2762	2.755280e-03	-9.99450e-03	-7.31503e-03	
2763	2.756280e-03	-9.99222e-03	-7.34168e-03	
2764	2.757280e-03	-9.98954e-03	-7.36804e-03	
2765	2.758280e-03	-9.98647e-03	-7.39411e-03	
2766	2.759280e-03	-9.98301e-03	-7.41989e-03	
2767	2.760280e-03	-9.97915e-03	-7.44537e-03	
2768	2.761280e-03	-9.97489e-03	-7.47056e-03	
2769	2.762280e-03	-9.97025e-03	-7.49546e-03	
2770	2.763280e-03	-9.96521e-03	-7.52006e-03	
2771	2.764280e-03	-9.95978e-03	-7.54436e-03	
2772	2.765280e-03	-9.95395e-03	-7.56836e-03	
2773	2.766280e-03	-9.94773e-03	-7.59207e-03	
2774	2.767280e-03	-9.94112e-03	-7.61548e-03	
2775	2.768280e-03	-9.93411e-03	-7.63858e-03	
2776	2.769280e-03	-9.92672e-03	-7.66139e-03	
2777	2.770280e-03	-9.91893e-03	-7.68389e-03	
2778	2.771280e-03	-9.91075e-03	-7.70609e-03	
2779	2.772280e-03	-9.90217e-03	-7.72798e-03	
2780	2.773280e-03	-9.89321e-03	-7.74957e-03	

Index   time            v(in)           v(out)          
--------------------------------------------------------------------------------
2781	2.774280e-03	-9.88386e-03	-7.77085e-03	
2782	2.775280e-03	-9.87412e-03	-7.79183e-03	
2783	2.776280e-03	-9.86398e-03	-7.81250e-03	
2784	2.777280e-03	-9.85346e-03	-7.83286e-03	
2785	2.778280e-03	-9.84255e-03	-7.85291e-03	
2786	2.779280e-03	-9.83125e-03	-7.87265e-03	
2787	2.780280e-03	-9.81956e-03	-7.89208e-03	
2788	2.781280e-03	-9.80748e-03	-7.91120e-03	
2789	2.782280e-03	-9.79502e-03	-7.93001e-03	
2790	2.783280e-03	-9.78217e-03	-7.94850e-03	
2791	2.784280e-03	-9.76894e-03	-7.96668e-03	
2792	2.785280e-03	-9.75531e-03	-7.98455e-03	
2793	2.786280e-03	-9.74131e-03	-8.00210e-03	
2794	2.787280e-03	-9.72692e-03	-8.01933e-03	
2795	2.788280e-03	-9.71214e-03	-8.03625e-03	
2796	2.789280e-03	-9.69698e-03	-8.05285e-03	
2797	2.790280e-03	-9.68144e-03	-8.06913e-03	
2798	2.791280e-03	-9.66552e-03	-8.08509e-03	
2799	2.792280e-03	-9.64921e-03	-8.10074e-03	
2800	2.793280e-03	-9.63253e-03	-8.11606e-03	
2801	2.794280e-03	-9.61546e-03	-8.13107e-03	
2802	2.795280e-03	-9.59801e-03	-8.14575e-03	
2803	2.796280e-03	-9.58019e-03	-8.16011e-03	
2804	2.797280e-03	-9.56199e-03	-8.17415e-03	
2805	2.798280e-03	-9.54340e-03	-8.18787e-03	
2806	2.799280e-03	-9.52445e-03	-8.20126e-03	
2807	2.800280e-03	-9.50511e-03	-8.21433e-03	
2808	2.801280e-03	-9.48541e-03	-8.22708e-03	
2809	2.802280e-03	-9.46532e-03	-8.23950e-03	
2810	2.803280e-03	-9.44487e-03	-8.25159e-03	
2811	2.804280e-03	-9.42404e-03	-8.26336e-03	
2812	2.805280e-03	-9.40283e-03	-8.27481e-03	
2813	2.806280e-03	-9.38126e-03	-8.28592e-03	
2814	2.807280e-03	-9.35932e-03	-8.29671e-03	
2815	2.808280e-03	-9.33700e-03	-8.30718e-03	
2816	2.809280e-03	-9.31432e-03	-8.31731e-03	
2817	2.810280e-03	-9.29127e-03	-8.32712e-03	
2818	2.811280e-03	-9.26786e-03	-8.33659e-03	
2819	2.812280e-03	-9.24408e-03	-8.34574e-03	
2820	2.813280e-03	-9.21993e-03	-8.35456e-03	
2821	2.814280e-03	-9.19542e-03	-8.36305e-03	
2822	2.815280e-03	-9.17055e-03	-8.37121e-03	
2823	2.816280e-03	-9.14531e-03	-8.37903e-03	
2824	2.817280e-03	-9.11971e-03	-8.38653e-03	
2825	2.818280e-03	-9.09376e-03	-8.39370e-03	
2826	2.819280e-03	-9.06744e-03	-8.40053e-03	
2827	2.820280e-03	-9.04077e-03	-8.40704e-03	
2828	2.821280e-03	-9.01374e-03	-8.41321e-03	
2829	2.822280e-03	-8.98635e-03	-8.41905e-03	
2830	2.823280e-03	-8.95861e-03	-8.42455e-03	
2831	2.824280e-03	-8.93051e-03	-8.42973e-03	
2832	2.825280e-03	-8.90206e-03	-8.43457e-03	
2833	2.826280e-03	-8.87327e-03	-8.43908e-03	
2834	2.827280e-03	-8.84412e-03	-8.44325e-03	
2835	2.828280e-03	-8.81462e-03	-8.44709e-03	
2836	2.829280e-03	-8.78477e-03	-8.45060e-03	
2837	2.830280e-03	-8.75458e-03	-8.45378e-03	
2838	2.831280e-03	-8.72404e-03	-8.45662e-03	

Index   time            v(in)           v(out)          
--------------------------------------------------------------------------------
2839	2.832280e-03	-8.69316e-03	-8.45913e-03	
2840	2.833280e-03	-8.66193e-03	-8.46130e-03	
2841	2.834280e-03	-8.63036e-03	-8.46314e-03	
2842	2.835280e-03	-8.59845e-03	-8.46464e-03	
2843	2.836280e-03	-8.56620e-03	-8.46581e-03	
2844	2.837280e-03	-8.53362e-03	-8.46665e-03	
2845	2.838280e-03	-8.50069e-03	-8.46715e-03	
2846	2.839280e-03	-8.46743e-03	-8.46732e-03	
2847	2.840280e-03	-8.43384e-03	-8.46716e-03	
2848	2.841280e-03	-8.39991e-03	-8.46666e-03	
2849	2.842280e-03	-8.36565e-03	-8.46582e-03	
2850	2.843280e-03	-8.33107e-03	-8.46465e-03	
2851	2.844280e-03	-8.29615e-03	-8.46315e-03	
2852	2.845280e-03	-8.26090e-03	-8.46131e-03	
2853	2.846280e-03	-8.22533e-03	-8.45914e-03	
2854	2.847280e-03	-8.18944e-03	-8.45664e-03	
2855	2.848280e-03	-8.15322e-03	-8.45380e-03	
2856	2.849280e-03	-8.11668e-03	-8.45063e-03	
2857	2.850280e-03	-8.07982e-03	-8.44712e-03	
2858	2.851280e-03	-8.04264e-03	-8.44328e-03	
2859	2.852280e-03	-8.00514e-03	-8.43911e-03	
2860	2.853280e-03	-7.96732e-03	-8.43460e-03	
2861	2.854280e-03	-7.92920e-03	-8.42976e-03	
2862	2.855280e-03	-7.89076e-03	-8.42459e-03	
2863	2.856280e-03	-7.85200e-03	-8.41908e-03	
2864	2.857280e-03	-7.81294e-03	-8.41325e-03	
2865	2.858280e-03	-7.77357e-03	-8.40708e-03	
2866	2.859280e-03	-7.73389e-03	-8.40058e-03	
2867	2.860280e-03	-7.69391e-03	-8.39374e-03	
2868	2.861280e-03	-7.65362e-03	-8.38658e-03	
2869	2.862280e-03	-7.61303e-03	-8.37909e-03	
2870	2.863280e-03	-7.57214e-03	-8.37126e-03	
2871	2.864280e-03	-7.53095e-03	-8.36310e-03	
2872	2.865280e-03	-7.48946e-03	-8.35462e-03	
2873	2.866280e-03	-7.44768e-03	-8.34580e-03	
2874	2.867280e-03	-7.40561e-03	-8.33665e-03	
2875	2.868280e-03	-7.36324e-03	-8.32718e-03	
2876	2.869280e-03	-7.32058e-03	-8.31738e-03	
2877	2.870280e-03	-7.27763e-03	-8.30724e-03	
2878	2.871280e-03	-7.23440e-03	-8.29678e-03	
2879	2.872280e-03	-7.19088e-03	-8.28600e-03	
2880	2.873280e-03	-7.14707e-03	-8.27488e-03	
2881	2.874280e-03	-7.10298e-03	-8.26344e-03	
2882	2.875280e-03	-7.05862e-03	-8.25167e-03	
2883	2.876280e-03	-7.01397e-03	-8.23958e-03	
2884	2.877280e-03	-6.96905e-03	-8.22716e-03	
2885	2.878280e-03	-6.92385e-03	-8.21442e-03	
2886	2.879280e-03	-6.87838e-03	-8.20135e-03	
2887	2.880280e-03	-6.83264e-03	-8.18796e-03	
2888	2.881280e-03	-6.78662e-03	-8.17424e-03	
2889	2.882280e-03	-6.74034e-03	-8.16021e-03	
2890	2.883280e-03	-6.69380e-03	-8.14585e-03	
2891	2.884280e-03	-6.64699e-03	-8.13117e-03	
2892	2.885280e-03	-6.59991e-03	-8.11616e-03	
2893	2.886280e-03	-6.55258e-03	-8.10084e-03	
2894	2.887280e-03	-6.50499e-03	-8.08520e-03	
2895	2.888280e-03	-6.45714e-03	-8.06924e-03	
2896	2.889280e-03	-6.40903e-03	-8.05296e-03	

Index   time            v(in)           v(out)          
--------------------------------------------------------------------------------
2897	2.890280e-03	-6.36067e-03	-8.03636e-03	
2898	2.891280e-03	-6.31207e-03	-8.01944e-03	
2899	2.892280e-03	-6.26321e-03	-8.00221e-03	
2900	2.893280e-03	-6.21410e-03	-7.98466e-03	
2901	2.894280e-03	-6.16475e-03	-7.96680e-03	
2902	2.895280e-03	-6.11516e-03	-7.94862e-03	
2903	2.896280e-03	-6.06532e-03	-7.93013e-03	
2904	2.897280e-03	-6.01525e-03	-7.91133e-03	
2905	2.898280e-03	-5.96494e-03	-7.89221e-03	
2906	2.899280e-03	-5.91439e-03	-7.87278e-03	
2907	2.900280e-03	-5.86361e-03	-7.85304e-03	
2908	2.901280e-03	-5.81260e-03	-7.83299e-03	
2909	2.902280e-03	-5.76136e-03	-7.81264e-03	
2910	2.903280e-03	-5.70989e-03	-7.79197e-03	
2911	2.904280e-03	-5.65819e-03	-7.77099e-03	
2912	2.905280e-03	-5.60627e-03	-7.74971e-03	
2913	2.906280e-03	-5.55413e-03	-7.72813e-03	
2914	2.907280e-03	-5.50178e-03	-7.70623e-03	
2915	2.908280e-03	-5.44920e-03	-7.68404e-03	
2916	2.909280e-03	-5.39641e-03	-7.66154e-03	
2917	2.910280e-03	-5.34341e-03	-7.63874e-03	
2918	2.911280e-03	-5.29019e-03	-7.61563e-03	
2919	2.912280e-03	-5.23677e-03	-7.59223e-03	
2920	2.913280e-03	-5.18314e-03	-7.56852e-03	
2921	2.914280e-03	-5.12930e-03	-7.54452e-03	
2922	2.915280e-03	-5.07526e-03	-7.52022e-03	
2923	2.916280e-03	-5.02103e-03	-7.49562e-03	
2924	2.917280e-03	-4.96659e-03	-7.47073e-03	
2925	2.918280e-03	-4.91196e-03	-7.44554e-03	
2926	2.919280e-03	-4.85713e-03	-7.42006e-03	
2927	2.920280e-03	-4.80211e-03	-7.39428e-03	
2928	2.921280e-03	-4.74690e-03	-7.36821e-03	
2929	2.922280e-03	-4.69151e-03	-7.34185e-03	
2930	2.923280e-03	-4.63593e-03	-7.31521e-03	
2931	2.924280e-03	-4.58017e-03	-7.28827e-03	
2932	2.925280e-03	-4.52422e-03	-7.26105e-03	
2933	2.926280e-03	-4.46810e-03	-7.23353e-03	
2934	2.927280e-03	-4.41180e-03	-7.20574e-03	
2935	2.928280e-03	-4.35533e-03	-7.17766e-03	
2936	2.929280e-03	-4.29868e-03	-7.14929e-03	
2937	2.930280e-03	-4.24187e-03	-7.12064e-03	
2938	2.931280e-03	-4.18489e-03	-7.09172e-03	
2939	2.932280e-03	-4.12774e-03	-7.06251e-03	
2940	2.933280e-03	-4.07043e-03	-7.03302e-03	
2941	2.934280e-03	-4.01296e-03	-7.00326e-03	
2942	2.935280e-03	-3.95533e-03	-6.97322e-03	
2943	2.936280e-03	-3.89754e-03	-6.94290e-03	
2944	2.937280e-03	-3.83960e-03	-6.91231e-03	
2945	2.938280e-03	-3.78151e-03	-6.88145e-03	
2946	2.939280e-03	-3.72327e-03	-6.85031e-03	
2947	2.940280e-03	-3.66488e-03	-6.81891e-03	
2948	2.941280e-03	-3.60635e-03	-6.78723e-03	
2949	2.942280e-03	-3.54768e-03	-6.75529e-03	
2950	2.943280e-03	-3.48886e-03	-6.72308e-03	
2951	2.944280e-03	-3.42991e-03	-6.69061e-03	
2952	2.945280e-03	-3.37082e-03	-6.65787e-03	
2953	2.946280e-03	-3.31160e-03	-6.62486e-03	
2954	2.947280e-03	-3.25225e-03	-6.59160e-03	

Index   time            v(in)           v(out)          
--------------------------------------------------------------------------------
2955	2.948280e-03	-3.19277e-03	-6.55808e-03	
2956	2.949280e-03	-3.13316e-03	-6.52430e-03	
2957	2.950280e-03	-3.07343e-03	-6.49026e-03	
2958	2.951280e-03	-3.01358e-03	-6.45596e-03	
2959	2.952280e-03	-2.95361e-03	-6.42141e-03	
2960	2.953280e-03	-2.89353e-03	-6.38661e-03	
2961	2.954280e-03	-2.83333e-03	-6.35155e-03	
2962	2.955280e-03	-2.77301e-03	-6.31624e-03	
2963	2.956280e-03	-2.71259e-03	-6.28068e-03	
2964	2.957280e-03	-2.65206e-03	-6.24488e-03	
2965	2.958280e-03	-2.59143e-03	-6.20883e-03	
2966	2.959280e-03	-2.53069e-03	-6.17253e-03	
2967	2.960280e-03	-2.46985e-03	-6.13599e-03	
2968	2.961280e-03	-2.40892e-03	-6.09921e-03	
2969	2.962280e-03	-2.34789e-03	-6.06219e-03	
2970	2.963280e-03	-2.28677e-03	-6.02493e-03	
2971	2.964280e-03	-2.22556e-03	-5.98743e-03	
2972	2.965280e-03	-2.16426e-03	-5.94969e-03	
2973	2.966280e-03	-2.10287e-03	-5.91172e-03	
2974	2.967280e-03	-2.04141e-03	-5.87351e-03	
2975	2.968280e-03	-1.97986e-03	-5.83508e-03	
2976	2.969280e-03	-1.91823e-03	-5.79641e-03	
2977	2.970280e-03	-1.85653e-03	-5.75751e-03	
2978	2.971280e-03	-1.79475e-03	-5.71839e-03	
2979	2.972280e-03	-1.73291e-03	-5.67904e-03	
2980	2.973280e-03	-1.67099e-03	-5.63947e-03	
2981	2.974280e-03	-1.60901e-03	-5.59967e-03	
2982	2.975280e-03	-1.54697e-03	-5.55966e-03	
2983	2.976280e-03	-1.48486e-03	-5.51942e-03	
2984	2.977280e-03	-1.42270e-03	-5.47897e-03	
2985	2.978280e-03	-1.36048e-03	-5.43830e-03	
2986	2.979280e-03	-1.29820e-03	-5.39741e-03	
2987	2.980280e-03	-1.23588e-03	-5.35631e-03	
2988	2.981280e-03	-1.17350e-03	-5.31500e-03	
2989	2.982280e-03	-1.11108e-03	-5.27348e-03	
2990	2.983280e-03	-1.04862e-03	-5.23176e-03	
2991	2.984280e-03	-9.86112e-04	-5.18982e-03	
2992	2.985280e-03	-9.23567e-04	-5.14768e-03	
2993	2.986280e-03	-8.60986e-04	-5.10534e-03	
2994	2.987280e-03	-7.98371e-04	-5.06280e-03	
2995	2.988280e-03	-7.35724e-04	-5.02005e-03	
2996	2.989280e-03	-6.73048e-04	-4.97711e-03	
2997	2.990280e-03	-6.10346e-04	-4.93397e-03	
2998	2.991280e-03	-5.47620e-04	-4.89064e-03	
2999	2.992280e-03	-4.84872e-04	-4.84711e-03	
3000	2.993280e-03	-4.22105e-04	-4.80339e-03	
3001	2.994280e-03	-3.59321e-04	-4.75949e-03	
3002	2.995280e-03	-2.96523e-04	-4.71539e-03	
3003	2.996280e-03	-2.33713e-04	-4.67111e-03	
3004	2.997280e-03	-1.70894e-04	-4.62664e-03	
3005	2.998280e-03	-1.08069e-04	-4.58200e-03	
3006	2.999280e-03	-4.52388e-05	-4.53717e-03	
3007	3.000280e-03	1.759291e-05	-4.49216e-03	
3008	3.001280e-03	8.042390e-05	-4.44697e-03	
3009	3.002280e-03	1.432517e-04	-4.40161e-03	
3010	3.003280e-03	2.060739e-04	-4.35608e-03	
3011	3.004280e-03	2.688879e-04	-4.31037e-03	
3012	3.005280e-03	3.316913e-04	-4.26449e-03	

Index   time            v(in)           v(out)          
--------------------------------------------------------------------------------
3013	3.006280e-03	3.944817e-04	-4.21845e-03	
3014	3.007280e-03	4.572564e-04	-4.17223e-03	
3015	3.008280e-03	5.200131e-04	-4.12586e-03	
3016	3.009280e-03	5.827493e-04	-4.07932e-03	
3017	3.010280e-03	6.454624e-04	-4.03262e-03	
3018	3.011280e-03	7.081501e-04	-3.98576e-03	
3019	3.012280e-03	7.708098e-04	-3.93874e-03	
3020	3.013280e-03	8.334391e-04	-3.89157e-03	
3021	3.014280e-03	8.960355e-04	-3.84424e-03	
3022	3.015280e-03	9.585965e-04	-3.79676e-03	
3023	3.016280e-03	1.021120e-03	-3.74913e-03	
3024	3.017280e-03	1.083603e-03	-3.70136e-03	
3025	3.018280e-03	1.146043e-03	-3.65344e-03	
3026	3.019280e-03	1.208437e-03	-3.60537e-03	
3027	3.020280e-03	1.270785e-03	-3.55716e-03	
3028	3.021280e-03	1.333082e-03	-3.50881e-03	
3029	3.022280e-03	1.395326e-03	-3.46032e-03	
3030	3.023280e-03	1.457515e-03	-3.41170e-03	
3031	3.024280e-03	1.519647e-03	-3.36294e-03	
3032	3.025280e-03	1.581719e-03	-3.31405e-03	
3033	3.026280e-03	1.643728e-03	-3.26503e-03	
3034	3.027280e-03	1.705672e-03	-3.21588e-03	
3035	3.028280e-03	1.767549e-03	-3.16660e-03	
3036	3.029280e-03	1.829356e-03	-3.11719e-03	
3037	3.030280e-03	1.891092e-03	-3.06767e-03	
3038	3.031280e-03	1.952752e-03	-3.01802e-03	
3039	3.032280e-03	2.014335e-03	-2.96825e-03	
3040	3.033280e-03	2.075839e-03	-2.91837e-03	
3041	3.034280e-03	2.137261e-03	-2.86837e-03	
3042	3.035280e-03	2.198598e-03	-2.81826e-03	
3043	3.036280e-03	2.259849e-03	-2.76803e-03	
3044	3.037280e-03	2.321010e-03	-2.71770e-03	
3045	3.038280e-03	2.382080e-03	-2.66726e-03	
3046	3.039280e-03	2.443056e-03	-2.61671e-03	
3047	3.040280e-03	2.503935e-03	-2.56607e-03	
3048	3.041280e-03	2.564716e-03	-2.51532e-03	
3049	3.042280e-03	2.625395e-03	-2.46447e-03	
3050	3.043280e-03	2.685970e-03	-2.41352e-03	
3051	3.044280e-03	2.746440e-03	-2.36248e-03	
3052	3.045280e-03	2.806801e-03	-2.31134e-03	
3053	3.046280e-03	2.867051e-03	-2.26012e-03	
3054	3.047280e-03	2.927189e-03	-2.20880e-03	
3055	3.048280e-03	2.987210e-03	-2.15740e-03	
3056	3.049280e-03	3.047114e-03	-2.10591e-03	
3057	3.050280e-03	3.106897e-03	-2.05434e-03	
3058	3.051280e-03	3.166558e-03	-2.00268e-03	
3059	3.052280e-03	3.226093e-03	-1.95095e-03	
3060	3.053280e-03	3.285502e-03	-1.89914e-03	
3061	3.054280e-03	3.344780e-03	-1.84726e-03	
3062	3.055280e-03	3.403927e-03	-1.79530e-03	
3063	3.056280e-03	3.462939e-03	-1.74328e-03	
3064	3.057280e-03	3.521814e-03	-1.69118e-03	
3065	3.058280e-03	3.580551e-03	-1.63902e-03	
3066	3.059280e-03	3.639146e-03	-1.58679e-03	
3067	3.060280e-03	3.697597e-03	-1.53450e-03	
3068	3.061280e-03	3.755903e-03	-1.48215e-03	
3069	3.062280e-03	3.814060e-03	-1.42974e-03	
3070	3.063280e-03	3.872066e-03	-1.37728e-03	

Index   time            v(in)           v(out)          
--------------------------------------------------------------------------------
3071	3.064280e-03	3.929920e-03	-1.32476e-03	
3072	3.065280e-03	3.987619e-03	-1.27218e-03	
3073	3.066280e-03	4.045160e-03	-1.21956e-03	
3074	3.067280e-03	4.102541e-03	-1.16689e-03	
3075	3.068280e-03	4.159761e-03	-1.11417e-03	
3076	3.069280e-03	4.216816e-03	-1.06141e-03	
3077	3.070280e-03	4.273705e-03	-1.00861e-03	
3078	3.071280e-03	4.330425e-03	-9.55766e-04	
3079	3.072280e-03	4.386974e-03	-9.02886e-04	
3080	3.073280e-03	4.443350e-03	-8.49970e-04	
3081	3.074280e-03	4.499550e-03	-7.97021e-04	
3082	3.075280e-03	4.555573e-03	-7.44040e-04	
3083	3.076280e-03	4.611416e-03	-6.91030e-04	
3084	3.077280e-03	4.667077e-03	-6.37992e-04	
3085	3.078280e-03	4.722554e-03	-5.84929e-04	
3086	3.079280e-03	4.777844e-03	-5.31843e-04	
3087	3.080280e-03	4.832946e-03	-4.78737e-04	
3088	3.081280e-03	4.887857e-03	-4.25611e-04	
3089	3.082280e-03	4.942575e-03	-3.72468e-04	
3090	3.083280e-03	4.997098e-03	-3.19311e-04	
3091	3.084280e-03	5.051423e-03	-2.66141e-04	
3092	3.085280e-03	5.105549e-03	-2.12961e-04	
3093	3.086280e-03	5.159474e-03	-1.59772e-04	
3094	3.087280e-03	5.213195e-03	-1.06577e-04	
3095	3.088280e-03	5.266710e-03	-5.33776e-05	
3096	3.089280e-03	5.320017e-03	-1.76238e-07	
3097	3.090280e-03	5.373114e-03	5.302517e-05	
3098	3.091280e-03	5.425999e-03	1.062245e-04	
3099	3.092280e-03	5.478670e-03	1.594196e-04	
3100	3.093280e-03	5.531124e-03	2.126084e-04	
3101	3.094280e-03	5.583360e-03	2.657889e-04	
3102	3.095280e-03	5.635376e-03	3.189588e-04	
3103	3.096280e-03	5.687169e-03	3.721162e-04	
3104	3.097280e-03	5.738738e-03	4.252588e-04	
3105	3.098280e-03	5.790080e-03	4.783847e-04	
3106	3.099280e-03	5.841193e-03	5.314917e-04	
3107	3.100280e-03	5.892076e-03	5.845777e-04	
3108	3.101280e-03	5.942727e-03	6.376406e-04	
3109	3.102280e-03	5.993142e-03	6.906784e-04	
3110	3.103280e-03	6.043322e-03	7.436888e-04	
3111	3.104280e-03	6.093262e-03	7.966700e-04	
3112	3.105280e-03	6.142962e-03	8.496196e-04	
3113	3.106280e-03	6.192420e-03	9.025358e-04	
3114	3.107280e-03	6.241633e-03	9.554163e-04	
3115	3.108280e-03	6.290599e-03	1.008259e-03	
3116	3.109280e-03	6.339318e-03	1.061062e-03	
3117	3.110280e-03	6.387786e-03	1.113823e-03	
3118	3.111280e-03	6.436001e-03	1.166540e-03	
3119	3.112280e-03	6.483963e-03	1.219211e-03	
3120	3.113280e-03	6.531669e-03	1.271834e-03	
3121	3.114280e-03	6.579117e-03	1.324407e-03	
3122	3.115280e-03	6.626305e-03	1.376927e-03	
3123	3.116280e-03	6.673232e-03	1.429393e-03	
3124	3.117280e-03	6.719895e-03	1.481803e-03	
3125	3.118280e-03	6.766293e-03	1.534154e-03	
3126	3.119280e-03	6.812423e-03	1.586445e-03	
3127	3.120280e-03	6.858285e-03	1.638673e-03	
3128	3.121280e-03	6.903876e-03	1.690836e-03	

Index   time            v(in)           v(out)          
--------------------------------------------------------------------------------
3129	3.122280e-03	6.949195e-03	1.742933e-03	
3130	3.123280e-03	6.994239e-03	1.794960e-03	
3131	3.124280e-03	7.039007e-03	1.846917e-03	
3132	3.125280e-03	7.083497e-03	1.898801e-03	
3133	3.126280e-03	7.127707e-03	1.950610e-03	
3134	3.127280e-03	7.171637e-03	2.002342e-03	
3135	3.128280e-03	7.215282e-03	2.053995e-03	
3136	3.129280e-03	7.258644e-03	2.105567e-03	
3137	3.130280e-03	7.301718e-03	2.157055e-03	
3138	3.131280e-03	7.344504e-03	2.208459e-03	
3139	3.132280e-03	7.387001e-03	2.259775e-03	
3140	3.133280e-03	7.429206e-03	2.311002e-03	
3141	3.134280e-03	7.471117e-03	2.362138e-03	
3142	3.135280e-03	7.512733e-03	2.413181e-03	
3143	3.136280e-03	7.554053e-03	2.464128e-03	
3144	3.137280e-03	7.595075e-03	2.514979e-03	
3145	3.138280e-03	7.635797e-03	2.565729e-03	
3146	3.139280e-03	7.676217e-03	2.616379e-03	
3147	3.140280e-03	7.716335e-03	2.666925e-03	
3148	3.141280e-03	7.756147e-03	2.717366e-03	
3149	3.142280e-03	7.795654e-03	2.767700e-03	
3150	3.143280e-03	7.834853e-03	2.817924e-03	
3151	3.144280e-03	7.873742e-03	2.868037e-03	
3152	3.145280e-03	7.912321e-03	2.918037e-03	
3153	3.146280e-03	7.950587e-03	2.967922e-03	
3154	3.147280e-03	7.988539e-03	3.017690e-03	
3155	3.148280e-03	8.026176e-03	3.067338e-03	
3156	3.149280e-03	8.063496e-03	3.116865e-03	
3157	3.150280e-03	8.100498e-03	3.166270e-03	
3158	3.151280e-03	8.137180e-03	3.215549e-03	
3159	3.152280e-03	8.173541e-03	3.264701e-03	
3160	3.153280e-03	8.209579e-03	3.313725e-03	
3161	3.154280e-03	8.245293e-03	3.362617e-03	
3162	3.155280e-03	8.280682e-03	3.411377e-03	
3163	3.156280e-03	8.315743e-03	3.460003e-03	
3164	3.157280e-03	8.350476e-03	3.508491e-03	
3165	3.158280e-03	8.384880e-03	3.556841e-03	
3166	3.159280e-03	8.418953e-03	3.605051e-03	
3167	3.160280e-03	8.452693e-03	3.653118e-03	
3168	3.161280e-03	8.486099e-03	3.701042e-03	
3169	3.162280e-03	8.519171e-03	3.748819e-03	
3170	3.163280e-03	8.551906e-03	3.796448e-03	
3171	3.164280e-03	8.584304e-03	3.843927e-03	
3172	3.165280e-03	8.616362e-03	3.891254e-03	
3173	3.166280e-03	8.648081e-03	3.938428e-03	
3174	3.167280e-03	8.679458e-03	3.985446e-03	
3175	3.168280e-03	8.710493e-03	4.032307e-03	
3176	3.169280e-03	8.741183e-03	4.079009e-03	
3177	3.170280e-03	8.771529e-03	4.125550e-03	
3178	3.171280e-03	8.801528e-03	4.171928e-03	
3179	3.172280e-03	8.831180e-03	4.218141e-03	
3180	3.173280e-03	8.860483e-03	4.264188e-03	
3181	3.174280e-03	8.889436e-03	4.310066e-03	
3182	3.175280e-03	8.918038e-03	4.355774e-03	
3183	3.176280e-03	8.946289e-03	4.401310e-03	
3184	3.177280e-03	8.974186e-03	4.446673e-03	
3185	3.178280e-03	9.001729e-03	4.491860e-03	
3186	3.179280e-03	9.028916e-03	4.536869e-03	

Index   time            v(in)           v(out)          
--------------------------------------------------------------------------------
3187	3.180280e-03	9.055747e-03	4.581700e-03	
3188	3.181280e-03	9.082221e-03	4.626349e-03	
3189	3.182280e-03	9.108336e-03	4.670816e-03	
3190	3.183280e-03	9.134091e-03	4.715099e-03	
3191	3.184280e-03	9.159486e-03	4.759195e-03	
3192	3.185280e-03	9.184519e-03	4.803104e-03	
3193	3.186280e-03	9.209190e-03	4.846823e-03	
3194	3.187280e-03	9.233497e-03	4.890350e-03	
3195	3.188280e-03	9.257439e-03	4.933685e-03	
3196	3.189280e-03	9.281016e-03	4.976825e-03	
3197	3.190280e-03	9.304227e-03	5.019768e-03	
3198	3.191280e-03	9.327070e-03	5.062513e-03	
3199	3.192280e-03	9.349545e-03	5.105058e-03	
3200	3.193280e-03	9.371651e-03	5.147402e-03	
3201	3.194280e-03	9.393387e-03	5.189542e-03	
3202	3.195280e-03	9.414753e-03	5.231478e-03	
3203	3.196280e-03	9.435746e-03	5.273207e-03	
3204	3.197280e-03	9.456367e-03	5.314728e-03	
3205	3.198280e-03	9.476615e-03	5.356039e-03	
3206	3.199280e-03	9.496488e-03	5.397139e-03	
3207	3.200280e-03	9.515987e-03	5.438025e-03	
3208	3.201280e-03	9.535110e-03	5.478697e-03	
3209	3.202280e-03	9.553856e-03	5.519153e-03	
3210	3.203280e-03	9.572226e-03	5.559390e-03	
3211	3.204280e-03	9.590217e-03	5.599408e-03	
3212	3.205280e-03	9.607830e-03	5.639206e-03	
3213	3.206280e-03	9.625064e-03	5.678780e-03	
3214	3.207280e-03	9.641917e-03	5.718131e-03	
3215	3.208280e-03	9.658390e-03	5.757255e-03	
3216	3.209280e-03	9.674482e-03	5.796152e-03	
3217	3.210280e-03	9.690192e-03	5.834821e-03	
3218	3.211280e-03	9.705519e-03	5.873259e-03	
3219	3.212280e-03	9.720463e-03	5.911465e-03	
3220	3.213280e-03	9.735023e-03	5.949438e-03	
3221	3.214280e-03	9.749199e-03	5.987176e-03	
3222	3.215280e-03	9.762990e-03	6.024678e-03	
3223	3.216280e-03	9.776396e-03	6.061942e-03	
3224	3.217280e-03	9.789416e-03	6.098966e-03	
3225	3.218280e-03	9.802049e-03	6.135750e-03	
3226	3.219280e-03	9.814295e-03	6.172292e-03	
3227	3.220280e-03	9.826154e-03	6.208589e-03	
3228	3.221280e-03	9.837625e-03	6.244642e-03	
3229	3.222280e-03	9.848707e-03	6.280448e-03	
3230	3.223280e-03	9.859401e-03	6.316007e-03	
3231	3.224280e-03	9.869705e-03	6.351316e-03	
3232	3.225280e-03	9.879620e-03	6.386374e-03	
3233	3.226280e-03	9.889145e-03	6.421180e-03	
3234	3.227280e-03	9.898279e-03	6.455732e-03	
3235	3.228280e-03	9.907023e-03	6.490030e-03	
3236	3.229280e-03	9.915376e-03	6.524072e-03	
3237	3.230280e-03	9.923337e-03	6.557856e-03	
3238	3.231280e-03	9.930906e-03	6.591381e-03	
3239	3.232280e-03	9.938083e-03	6.624645e-03	
3240	3.233280e-03	9.944868e-03	6.657649e-03	
3241	3.234280e-03	9.951260e-03	6.690389e-03	
3242	3.235280e-03	9.957260e-03	6.722865e-03	
3243	3.236280e-03	9.962866e-03	6.755076e-03	
3244	3.237280e-03	9.968079e-03	6.787021e-03	

Index   time            v(in)           v(out)          
--------------------------------------------------------------------------------
3245	3.238280e-03	9.972899e-03	6.818697e-03	
3246	3.239280e-03	9.977325e-03	6.850104e-03	
3247	3.240280e-03	9.981357e-03	6.881241e-03	
3248	3.241280e-03	9.984994e-03	6.912106e-03	
3249	3.242280e-03	9.988238e-03	6.942698e-03	
3250	3.243280e-03	9.991087e-03	6.973016e-03	
3251	3.244280e-03	9.993542e-03	7.003059e-03	
3252	3.245280e-03	9.995603e-03	7.032825e-03	
3253	3.246280e-03	9.997269e-03	7.062314e-03	
3254	3.247280e-03	9.998540e-03	7.091524e-03	
3255	3.248280e-03	9.999416e-03	7.120453e-03	
3256	3.249280e-03	9.999898e-03	7.149102e-03	
3257	3.250280e-03	9.999985e-03	7.177469e-03	
3258	3.251280e-03	9.999677e-03	7.205552e-03	
3259	3.252280e-03	9.998974e-03	7.233351e-03	
3260	3.253280e-03	9.997876e-03	7.260864e-03	
3261	3.254280e-03	9.996384e-03	7.288090e-03	
3262	3.255280e-03	9.994498e-03	7.315029e-03	
3263	3.256280e-03	9.992216e-03	7.341679e-03	
3264	3.257280e-03	9.989540e-03	7.368039e-03	
3265	3.258280e-03	9.986470e-03	7.394109e-03	
3266	3.259280e-03	9.983006e-03	7.419886e-03	
3267	3.260280e-03	9.979147e-03	7.445371e-03	
3268	3.261280e-03	9.974895e-03	7.470561e-03	
3269	3.262280e-03	9.970248e-03	7.495457e-03	
3270	3.263280e-03	9.965208e-03	7.520057e-03	
3271	3.264280e-03	9.959775e-03	7.544359e-03	
3272	3.265280e-03	9.953949e-03	7.568364e-03	
3273	3.266280e-03	9.947729e-03	7.592071e-03	
3274	3.267280e-03	9.941117e-03	7.615477e-03	
3275	3.268280e-03	9.934112e-03	7.638583e-03	
3276	3.269280e-03	9.926715e-03	7.661387e-03	
3277	3.270280e-03	9.918927e-03	7.683889e-03	
3278	3.271280e-03	9.910746e-03	7.706088e-03	
3279	3.272280e-03	9.902175e-03	7.727982e-03	
3280	3.273280e-03	9.893212e-03	7.749571e-03	
3281	3.274280e-03	9.883859e-03	7.770854e-03	
3282	3.275280e-03	9.874116e-03	7.791831e-03	
3283	3.276280e-03	9.863983e-03	7.812499e-03	
3284	3.277280e-03	9.853460e-03	7.832860e-03	
3285	3.278280e-03	9.842549e-03	7.852911e-03	
3286	3.279280e-03	9.831249e-03	7.872652e-03	
3287	3.280280e-03	9.819561e-03	7.892083e-03	
3288	3.281280e-03	9.807485e-03	7.911201e-03	
3289	3.282280e-03	9.795022e-03	7.930008e-03	
3290	3.283280e-03	9.782172e-03	7.948501e-03	
3291	3.284280e-03	9.768936e-03	7.966681e-03	
3292	3.285280e-03	9.755315e-03	7.984546e-03	
3293	3.286280e-03	9.741308e-03	8.002096e-03	
3294	3.287280e-03	9.726917e-03	8.019330e-03	
3295	3.288280e-03	9.712142e-03	8.036247e-03	
3296	3.289280e-03	9.696983e-03	8.052848e-03	
3297	3.290280e-03	9.681441e-03	8.069130e-03	
3298	3.291280e-03	9.665518e-03	8.085093e-03	
3299	3.292280e-03	9.649212e-03	8.100738e-03	
3300	3.293280e-03	9.632526e-03	8.116063e-03	
3301	3.294280e-03	9.615460e-03	8.131067e-03	
3302	3.295280e-03	9.598014e-03	8.145750e-03	

Index   time            v(in)           v(out)          
--------------------------------------------------------------------------------
3303	3.296280e-03	9.580189e-03	8.160112e-03	
3304	3.297280e-03	9.561986e-03	8.174151e-03	
3305	3.298280e-03	9.543405e-03	8.187868e-03	
3306	3.299280e-03	9.524447e-03	8.201262e-03	
3307	3.300280e-03	9.505114e-03	8.214332e-03	
3308	3.301280e-03	9.485405e-03	8.227077e-03	
3309	3.302280e-03	9.465322e-03	8.239498e-03	
3310	3.303280e-03	9.444865e-03	8.251594e-03	
3311	3.304280e-03	9.424036e-03	8.263363e-03	
3312	3.305280e-03	9.402834e-03	8.274807e-03	
3313	3.306280e-03	9.381261e-03	8.285924e-03	
3314	3.307280e-03	9.359317e-03	8.296713e-03	
3315	3.308280e-03	9.337005e-03	8.307175e-03	
3316	3.309280e-03	9.314323e-03	8.317310e-03	
3317	3.310280e-03	9.291274e-03	8.327116e-03	
3318	3.311280e-03	9.267858e-03	8.336593e-03	
3319	3.312280e-03	9.244076e-03	8.345741e-03	
3320	3.313280e-03	9.219930e-03	8.354559e-03	
3321	3.314280e-03	9.195419e-03	8.363048e-03	
3322	3.315280e-03	9.170545e-03	8.371206e-03	
3323	3.316280e-03	9.145309e-03	8.379035e-03	
3324	3.317280e-03	9.119712e-03	8.386532e-03	
3325	3.318280e-03	9.093756e-03	8.393698e-03	
3326	3.319280e-03	9.067440e-03	8.400533e-03	
3327	3.320280e-03	9.040766e-03	8.407036e-03	
3328	3.321280e-03	9.013735e-03	8.413207e-03	
3329	3.322280e-03	8.986348e-03	8.419046e-03	
3330	3.323280e-03	8.958607e-03	8.424553e-03	
3331	3.324280e-03	8.930512e-03	8.429727e-03	
3332	3.325280e-03	8.902064e-03	8.434569e-03	
3333	3.326280e-03	8.873265e-03	8.439077e-03	
3334	3.327280e-03	8.844116e-03	8.443252e-03	
3335	3.328280e-03	8.814618e-03	8.447094e-03	
3336	3.329280e-03	8.784771e-03	8.450603e-03	
3337	3.330280e-03	8.754578e-03	8.453778e-03	
3338	3.331280e-03	8.724039e-03	8.456619e-03	
3339	3.332280e-03	8.693156e-03	8.459126e-03	
3340	3.333280e-03	8.661929e-03	8.461299e-03	
3341	3.334280e-03	8.630361e-03	8.463139e-03	
3342	3.335280e-03	8.598451e-03	8.464644e-03	
3343	3.336280e-03	8.566203e-03	8.465815e-03	
3344	3.337280e-03	8.533616e-03	8.466652e-03	
3345	3.338280e-03	8.500692e-03	8.467154e-03	
3346	3.339280e-03	8.467433e-03	8.467322e-03	
3347	3.340280e-03	8.433839e-03	8.467156e-03	
3348	3.341280e-03	8.399913e-03	8.466656e-03	
3349	3.342280e-03	8.365655e-03	8.465821e-03	
3350	3.343280e-03	8.331066e-03	8.464653e-03	
3351	3.344280e-03	8.296149e-03	8.463150e-03	
3352	3.345280e-03	8.260904e-03	8.461313e-03	
3353	3.346280e-03	8.225333e-03	8.459142e-03	
3354	3.347280e-03	8.189438e-03	8.456637e-03	
3355	3.348280e-03	8.153219e-03	8.453798e-03	
3356	3.349280e-03	8.116678e-03	8.450625e-03	
3357	3.350280e-03	8.079817e-03	8.447119e-03	
3358	3.351280e-03	8.042636e-03	8.443279e-03	
3359	3.352280e-03	8.005139e-03	8.439106e-03	
3360	3.353280e-03	7.967325e-03	8.434600e-03	

Index   time            v(in)           v(out)          
--------------------------------------------------------------------------------
3361	3.354280e-03	7.929196e-03	8.429761e-03	
3362	3.355280e-03	7.890755e-03	8.424589e-03	
3363	3.356280e-03	7.852002e-03	8.419084e-03	
3364	3.357280e-03	7.812939e-03	8.413247e-03	
3365	3.358280e-03	7.773568e-03	8.407078e-03	
3366	3.359280e-03	7.733890e-03	8.400577e-03	
3367	3.360280e-03	7.693906e-03	8.393744e-03	
3368	3.361280e-03	7.653619e-03	8.386580e-03	
3369	3.362280e-03	7.613030e-03	8.379085e-03	
3370	3.363280e-03	7.572140e-03	8.371259e-03	
3371	3.364280e-03	7.530951e-03	8.363103e-03	
3372	3.365280e-03	7.489465e-03	8.354617e-03	
3373	3.366280e-03	7.447683e-03	8.345800e-03	
3374	3.367280e-03	7.405607e-03	8.336654e-03	
3375	3.368280e-03	7.363239e-03	8.327179e-03	
3376	3.369280e-03	7.320580e-03	8.317376e-03	
3377	3.370280e-03	7.277632e-03	8.307244e-03	
3378	3.371280e-03	7.234397e-03	8.296784e-03	
3379	3.372280e-03	7.190876e-03	8.285996e-03	
3380	3.373280e-03	7.147071e-03	8.274882e-03	
3381	3.374280e-03	7.102984e-03	8.263440e-03	
3382	3.375280e-03	7.058617e-03	8.251673e-03	
3383	3.376280e-03	7.013971e-03	8.239579e-03	
3384	3.377280e-03	6.969048e-03	8.227161e-03	
3385	3.378280e-03	6.923850e-03	8.214417e-03	
3386	3.379280e-03	6.878379e-03	8.201350e-03	
3387	3.380280e-03	6.832636e-03	8.187958e-03	
3388	3.381280e-03	6.786623e-03	8.174243e-03	
3389	3.382280e-03	6.740343e-03	8.160206e-03	
3390	3.383280e-03	6.693796e-03	8.145846e-03	
3391	3.384280e-03	6.646985e-03	8.131165e-03	
3392	3.385280e-03	6.599912e-03	8.116163e-03	
3393	3.386280e-03	6.552578e-03	8.100841e-03	
3394	3.387280e-03	6.504985e-03	8.085198e-03	
3395	3.388280e-03	6.457136e-03	8.069237e-03	
3396	3.389280e-03	6.409032e-03	8.052956e-03	
3397	3.390280e-03	6.360674e-03	8.036358e-03	
3398	3.391280e-03	6.312066e-03	8.019443e-03	
3399	3.392280e-03	6.263208e-03	8.002211e-03	
3400	3.393280e-03	6.214104e-03	7.984663e-03	
3401	3.394280e-03	6.164753e-03	7.966800e-03	
3402	3.395280e-03	6.115160e-03	7.948623e-03	
3403	3.396280e-03	6.065325e-03	7.930131e-03	
3404	3.397280e-03	6.015251e-03	7.911327e-03	
3405	3.398280e-03	5.964939e-03	7.892210e-03	
3406	3.399280e-03	5.914391e-03	7.872782e-03	
3407	3.400280e-03	5.863610e-03	7.853043e-03	
3408	3.401280e-03	5.812598e-03	7.832994e-03	
3409	3.402280e-03	5.761356e-03	7.812635e-03	
3410	3.403280e-03	5.709887e-03	7.791969e-03	
3411	3.404280e-03	5.658192e-03	7.770994e-03	
3412	3.405280e-03	5.606274e-03	7.749713e-03	
3413	3.406280e-03	5.554135e-03	7.728126e-03	
3414	3.407280e-03	5.501776e-03	7.706234e-03	
3415	3.408280e-03	5.449200e-03	7.684037e-03	
3416	3.409280e-03	5.396409e-03	7.661537e-03	
3417	3.410280e-03	5.343405e-03	7.638735e-03	
3418	3.411280e-03	5.290191e-03	7.615631e-03	

Index   time            v(in)           v(out)          
--------------------------------------------------------------------------------
3419	3.412280e-03	5.236767e-03	7.592227e-03	
3420	3.413280e-03	5.183136e-03	7.568522e-03	
3421	3.414280e-03	5.129301e-03	7.544519e-03	
3422	3.415280e-03	5.075263e-03	7.520219e-03	
3423	3.416280e-03	5.021025e-03	7.495621e-03	
3424	3.417280e-03	4.966589e-03	7.470727e-03	
3425	3.418280e-03	4.911957e-03	7.445539e-03	
3426	3.419280e-03	4.857130e-03	7.420056e-03	
3427	3.420280e-03	4.802113e-03	7.394281e-03	
3428	3.421280e-03	4.746905e-03	7.368213e-03	
3429	3.422280e-03	4.691510e-03	7.341855e-03	
3430	3.423280e-03	4.635930e-03	7.315207e-03	
3431	3.424280e-03	4.580167e-03	7.288270e-03	
3432	3.425280e-03	4.524223e-03	7.261045e-03	
3433	3.426280e-03	4.468100e-03	7.233534e-03	
3434	3.427280e-03	4.411801e-03	7.205737e-03	
3435	3.428280e-03	4.355328e-03	7.177656e-03	
3436	3.429280e-03	4.298683e-03	7.149291e-03	
3437	3.430280e-03	4.241868e-03	7.120644e-03	
3438	3.431280e-03	4.184885e-03	7.091716e-03	
3439	3.432280e-03	4.127738e-03	7.062508e-03	
3440	3.433280e-03	4.070428e-03	7.033021e-03	
3441	3.434280e-03	4.012956e-03	7.003257e-03	
3442	3.435280e-03	3.955327e-03	6.973216e-03	
3443	3.436280e-03	3.897541e-03	6.942900e-03	
3444	3.437280e-03	3.839601e-03	6.912309e-03	
3445	3.438280e-03	3.781510e-03	6.881446e-03	
3446	3.439280e-03	3.723270e-03	6.850311e-03	
3447	3.440280e-03	3.664882e-03	6.818906e-03	
3448	3.441280e-03	3.606350e-03	6.787231e-03	
3449	3.442280e-03	3.547676e-03	6.755289e-03	
3450	3.443280e-03	3.488861e-03	6.723080e-03	
3451	3.444280e-03	3.429909e-03	6.690605e-03	
3452	3.445280e-03	3.370821e-03	6.657866e-03	
3453	3.446280e-03	3.311600e-03	6.624865e-03	
3454	3.447280e-03	3.252249e-03	6.591602e-03	
3455	3.448280e-03	3.192769e-03	6.558078e-03	
3456	3.449280e-03	3.133163e-03	6.524296e-03	
3457	3.450280e-03	3.073433e-03	6.490256e-03	
3458	3.451280e-03	3.013582e-03	6.455960e-03	
3459	3.452280e-03	2.953612e-03	6.421410e-03	
3460	3.453280e-03	2.893526e-03	6.386605e-03	
3461	3.454280e-03	2.833325e-03	6.351549e-03	
3462	3.455280e-03	2.773012e-03	6.316241e-03	
3463	3.456280e-03	2.712590e-03	6.280685e-03	
3464	3.457280e-03	2.652061e-03	6.244880e-03	
3465	3.458280e-03	2.591427e-03	6.208829e-03	
3466	3.459280e-03	2.530691e-03	6.172533e-03	
3467	3.460280e-03	2.469855e-03	6.135993e-03	
3468	3.461280e-03	2.408921e-03	6.099211e-03	
3469	3.462280e-03	2.347892e-03	6.062188e-03	
3470	3.463280e-03	2.286771e-03	6.024926e-03	
3471	3.464280e-03	2.225559e-03	5.987426e-03	
3472	3.465280e-03	2.164260e-03	5.949689e-03	
3473	3.466280e-03	2.102875e-03	5.911718e-03	
3474	3.467280e-03	2.041407e-03	5.873513e-03	
3475	3.468280e-03	1.979858e-03	5.835076e-03	
3476	3.469280e-03	1.918231e-03	5.796409e-03	

Index   time            v(in)           v(out)          
--------------------------------------------------------------------------------
3477	3.470280e-03	1.856529e-03	5.757514e-03	
3478	3.471280e-03	1.794753e-03	5.718391e-03	
3479	3.472280e-03	1.732907e-03	5.679042e-03	
3480	3.473280e-03	1.670991e-03	5.639469e-03	
3481	3.474280e-03	1.609010e-03	5.599673e-03	
3482	3.475280e-03	1.546966e-03	5.559656e-03	
3483	3.476280e-03	1.484860e-03	5.519420e-03	
3484	3.477280e-03	1.422696e-03	5.478966e-03	
3485	3.478280e-03	1.360476e-03	5.438295e-03	
3486	3.479280e-03	1.298202e-03	5.397410e-03	
3487	3.480280e-03	1.235876e-03	5.356312e-03	
3488	3.481280e-03	1.173502e-03	5.315002e-03	
3489	3.482280e-03	1.111082e-03	5.273483e-03	
3490	3.483280e-03	1.048617e-03	5.231755e-03	
3491	3.484280e-03	9.861115e-04	5.189821e-03	
3492	3.485280e-03	9.235668e-04	5.147682e-03	
3493	3.486280e-03	8.609857e-04	5.105339e-03	
3494	3.487280e-03	7.983706e-04	5.062795e-03	
3495	3.488280e-03	7.357240e-04	5.020052e-03	
3496	3.489280e-03	6.730483e-04	4.977110e-03	
3497	3.490280e-03	6.103460e-04	4.933971e-03	
3498	3.491280e-03	5.476197e-04	4.890638e-03	
3499	3.492280e-03	4.848717e-04	4.847112e-03	
3500	3.493280e-03	4.221046e-04	4.803394e-03	
3501	3.494280e-03	3.593208e-04	4.759487e-03	
3502	3.495280e-03	2.965229e-04	4.715392e-03	
3503	3.496280e-03	2.337132e-04	4.671110e-03	
3504	3.497280e-03	1.708943e-04	4.626645e-03	
3505	3.498280e-03	1.080687e-04	4.581996e-03	
3506	3.499280e-03	4.523878e-05	4.537167e-03	
3507	3.500280e-03	-1.75929e-05	4.492159e-03	
3508	3.501280e-03	-8.04239e-05	4.446973e-03	
3509	3.502280e-03	-1.43252e-04	4.401612e-03	
3510	3.503280e-03	-2.06074e-04	4.356076e-03	
3511	3.504280e-03	-2.68888e-04	4.310369e-03	
3512	3.505280e-03	-3.31691e-04	4.264492e-03	
3513	3.506280e-03	-3.94482e-04	4.218447e-03	
3514	3.507280e-03	-4.57256e-04	4.172235e-03	
3515	3.508280e-03	-5.20013e-04	4.125858e-03	
3516	3.509280e-03	-5.82749e-04	4.079318e-03	
3517	3.510280e-03	-6.45462e-04	4.032617e-03	
3518	3.511280e-03	-7.08150e-04	3.985757e-03	
3519	3.512280e-03	-7.70810e-04	3.938740e-03	
3520	3.513280e-03	-8.33439e-04	3.891567e-03	
3521	3.514280e-03	-8.96035e-04	3.844241e-03	
3522	3.515280e-03	-9.58597e-04	3.796763e-03	
3523	3.516280e-03	-1.02112e-03	3.749135e-03	
3524	3.517280e-03	-1.08360e-03	3.701359e-03	
3525	3.518280e-03	-1.14604e-03	3.653436e-03	
3526	3.519280e-03	-1.20844e-03	3.605370e-03	
3527	3.520280e-03	-1.27078e-03	3.557161e-03	
3528	3.521280e-03	-1.33308e-03	3.508812e-03	
3529	3.522280e-03	-1.39533e-03	3.460324e-03	
3530	3.523280e-03	-1.45752e-03	3.411700e-03	
3531	3.524280e-03	-1.51965e-03	3.362941e-03	
3532	3.525280e-03	-1.58172e-03	3.314049e-03	
3533	3.526280e-03	-1.64373e-03	3.265027e-03	
3534	3.527280e-03	-1.70567e-03	3.215875e-03	

Index   time            v(in)           v(out)          
--------------------------------------------------------------------------------
3535	3.528280e-03	-1.76755e-03	3.166597e-03	
3536	3.529280e-03	-1.82936e-03	3.117193e-03	
3537	3.530280e-03	-1.89109e-03	3.067667e-03	
3538	3.531280e-03	-1.95275e-03	3.018019e-03	
3539	3.532280e-03	-2.01434e-03	2.968252e-03	
3540	3.533280e-03	-2.07584e-03	2.918368e-03	
3541	3.534280e-03	-2.13726e-03	2.868369e-03	
3542	3.535280e-03	-2.19860e-03	2.818257e-03	
3543	3.536280e-03	-2.25985e-03	2.768033e-03	
3544	3.537280e-03	-2.32101e-03	2.717700e-03	
3545	3.538280e-03	-2.38208e-03	2.667260e-03	
3546	3.539280e-03	-2.44306e-03	2.616714e-03	
3547	3.540280e-03	-2.50394e-03	2.566065e-03	
3548	3.541280e-03	-2.56472e-03	2.515315e-03	
3549	3.542280e-03	-2.62539e-03	2.464466e-03	
3550	3.543280e-03	-2.68597e-03	2.413519e-03	
3551	3.544280e-03	-2.74644e-03	2.362477e-03	
3552	3.545280e-03	-2.80680e-03	2.311342e-03	
3553	3.546280e-03	-2.86705e-03	2.260115e-03	
3554	3.547280e-03	-2.92719e-03	2.208799e-03	
3555	3.548280e-03	-2.98721e-03	2.157396e-03	
3556	3.549280e-03	-3.04711e-03	2.105908e-03	
3557	3.550280e-03	-3.10690e-03	2.054337e-03	
3558	3.551280e-03	-3.16656e-03	2.002684e-03	
3559	3.552280e-03	-3.22609e-03	1.950953e-03	
3560	3.553280e-03	-3.28550e-03	1.899145e-03	
3561	3.554280e-03	-3.34478e-03	1.847261e-03	
3562	3.555280e-03	-3.40393e-03	1.795305e-03	
3563	3.556280e-03	-3.46294e-03	1.743278e-03	
3564	3.557280e-03	-3.52181e-03	1.691181e-03	
3565	3.558280e-03	-3.58055e-03	1.639019e-03	
3566	3.559280e-03	-3.63915e-03	1.586791e-03	
3567	3.560280e-03	-3.69760e-03	1.534501e-03	
3568	3.561280e-03	-3.75590e-03	1.482150e-03	
3569	3.562280e-03	-3.81406e-03	1.429741e-03	
3570	3.563280e-03	-3.87207e-03	1.377275e-03	
3571	3.564280e-03	-3.92992e-03	1.324755e-03	
3572	3.565280e-03	-3.98762e-03	1.272183e-03	
3573	3.566280e-03	-4.04516e-03	1.219560e-03	
3574	3.567280e-03	-4.10254e-03	1.166889e-03	
3575	3.568280e-03	-4.15976e-03	1.114173e-03	
3576	3.569280e-03	-4.21682e-03	1.061412e-03	
3577	3.570280e-03	-4.27370e-03	1.008609e-03	
3578	3.571280e-03	-4.33042e-03	9.557665e-04	
3579	3.572280e-03	-4.38697e-03	9.028862e-04	
3580	3.573280e-03	-4.44335e-03	8.499703e-04	
3581	3.574280e-03	-4.49955e-03	7.970209e-04	
3582	3.575280e-03	-4.55557e-03	7.440399e-04	
3583	3.576280e-03	-4.61142e-03	6.910297e-04	
3584	3.577280e-03	-4.66708e-03	6.379921e-04	
3585	3.578280e-03	-4.72255e-03	5.849293e-04	
3586	3.579280e-03	-4.77784e-03	5.318435e-04	
3587	3.580280e-03	-4.83295e-03	4.787366e-04	
3588	3.581280e-03	-4.88786e-03	4.256108e-04	
3589	3.582280e-03	-4.94257e-03	3.724683e-04	
3590	3.583280e-03	-4.99710e-03	3.193110e-04	
3591	3.584280e-03	-5.05142e-03	2.661412e-04	
3592	3.585280e-03	-5.10555e-03	2.129608e-04	

Index   time            v(in)           v(out)          
--------------------------------------------------------------------------------
3593	3.586280e-03	-5.15947e-03	1.597720e-04	
3594	3.587280e-03	-5.21319e-03	1.065769e-04	
3595	3.588280e-03	-5.26671e-03	5.337764e-05	
3596	3.589280e-03	-5.32002e-03	1.762380e-07	
3597	3.590280e-03	-5.37311e-03	-5.30252e-05	
3598	3.591280e-03	-5.42600e-03	-1.06224e-04	
3599	3.592280e-03	-5.47867e-03	-1.59420e-04	
3600	3.593280e-03	-5.53112e-03	-2.12608e-04	
3601	3.594280e-03	-5.58336e-03	-2.65789e-04	
3602	3.595280e-03	-5.63538e-03	-3.18959e-04	
3603	3.596280e-03	-5.68717e-03	-3.72116e-04	
3604	3.597280e-03	-5.73874e-03	-4.25259e-04	
3605	3.598280e-03	-5.79008e-03	-4.78385e-04	
3606	3.599280e-03	-5.84119e-03	-5.31492e-04	
3607	3.600280e-03	-5.89208e-03	-5.84578e-04	
3608	3.601280e-03	-5.94273e-03	-6.37641e-04	
3609	3.602280e-03	-5.99314e-03	-6.90678e-04	
3610	3.603280e-03	-6.04332e-03	-7.43689e-04	
3611	3.604280e-03	-6.09326e-03	-7.96670e-04	
3612	3.605280e-03	-6.14296e-03	-8.49620e-04	
3613	3.606280e-03	-6.19242e-03	-9.02536e-04	
3614	3.607280e-03	-6.24163e-03	-9.55416e-04	
3615	3.608280e-03	-6.29060e-03	-1.00826e-03	
3616	3.609280e-03	-6.33932e-03	-1.06106e-03	
3617	3.610280e-03	-6.38779e-03	-1.11382e-03	
3618	3.611280e-03	-6.43600e-03	-1.16654e-03	
3619	3.612280e-03	-6.48396e-03	-1.21921e-03	
3620	3.613280e-03	-6.53167e-03	-1.27183e-03	
3621	3.614280e-03	-6.57912e-03	-1.32441e-03	
3622	3.615280e-03	-6.62631e-03	-1.37693e-03	
3623	3.616280e-03	-6.67323e-03	-1.42939e-03	
3624	3.617280e-03	-6.71989e-03	-1.48180e-03	
3625	3.618280e-03	-6.76629e-03	-1.53415e-03	
3626	3.619280e-03	-6.81242e-03	-1.58644e-03	
3627	3.620280e-03	-6.85829e-03	-1.63867e-03	
3628	3.621280e-03	-6.90388e-03	-1.69084e-03	
3629	3.622280e-03	-6.94919e-03	-1.74293e-03	
3630	3.623280e-03	-6.99424e-03	-1.79496e-03	
3631	3.624280e-03	-7.03901e-03	-1.84692e-03	
3632	3.625280e-03	-7.08350e-03	-1.89880e-03	
3633	3.626280e-03	-7.12771e-03	-1.95061e-03	
3634	3.627280e-03	-7.17164e-03	-2.00234e-03	
3635	3.628280e-03	-7.21528e-03	-2.05399e-03	
3636	3.629280e-03	-7.25864e-03	-2.10557e-03	
3637	3.630280e-03	-7.30172e-03	-2.15706e-03	
3638	3.631280e-03	-7.34450e-03	-2.20846e-03	
3639	3.632280e-03	-7.38700e-03	-2.25978e-03	
3640	3.633280e-03	-7.42921e-03	-2.31100e-03	
3641	3.634280e-03	-7.47112e-03	-2.36214e-03	
3642	3.635280e-03	-7.51273e-03	-2.41318e-03	
3643	3.636280e-03	-7.55405e-03	-2.46413e-03	
3644	3.637280e-03	-7.59508e-03	-2.51498e-03	
3645	3.638280e-03	-7.63580e-03	-2.56573e-03	
3646	3.639280e-03	-7.67622e-03	-2.61638e-03	
3647	3.640280e-03	-7.71633e-03	-2.66693e-03	
3648	3.641280e-03	-7.75615e-03	-2.71737e-03	
3649	3.642280e-03	-7.79565e-03	-2.76770e-03	
3650	3.643280e-03	-7.83485e-03	-2.81792e-03	

Index   time            v(in)           v(out)          
--------------------------------------------------------------------------------
3651	3.644280e-03	-7.87374e-03	-2.86804e-03	
3652	3.645280e-03	-7.91232e-03	-2.91804e-03	
3653	3.646280e-03	-7.95059e-03	-2.96792e-03	
3654	3.647280e-03	-7.98854e-03	-3.01769e-03	
3655	3.648280e-03	-8.02618e-03	-3.06734e-03	
3656	3.649280e-03	-8.06350e-03	-3.11687e-03	
3657	3.650280e-03	-8.10050e-03	-3.16627e-03	
3658	3.651280e-03	-8.13718e-03	-3.21555e-03	
3659	3.652280e-03	-8.17354e-03	-3.26470e-03	
3660	3.653280e-03	-8.20958e-03	-3.31372e-03	
3661	3.654280e-03	-8.24529e-03	-3.36262e-03	
3662	3.655280e-03	-8.28068e-03	-3.41138e-03	
3663	3.656280e-03	-8.31574e-03	-3.46000e-03	
3664	3.657280e-03	-8.35048e-03	-3.50849e-03	
3665	3.658280e-03	-8.38488e-03	-3.55684e-03	
3666	3.659280e-03	-8.41895e-03	-3.60505e-03	
3667	3.660280e-03	-8.45269e-03	-3.65312e-03	
3668	3.661280e-03	-8.48610e-03	-3.70104e-03	
3669	3.662280e-03	-8.51917e-03	-3.74882e-03	
3670	3.663280e-03	-8.55191e-03	-3.79645e-03	
3671	3.664280e-03	-8.58430e-03	-3.84393e-03	
3672	3.665280e-03	-8.61636e-03	-3.89125e-03	
3673	3.666280e-03	-8.64808e-03	-3.93843e-03	
3674	3.667280e-03	-8.67946e-03	-3.98545e-03	
3675	3.668280e-03	-8.71049e-03	-4.03231e-03	
3676	3.669280e-03	-8.74118e-03	-4.07901e-03	
3677	3.670280e-03	-8.77153e-03	-4.12555e-03	
3678	3.671280e-03	-8.80153e-03	-4.17193e-03	
3679	3.672280e-03	-8.83118e-03	-4.21814e-03	
3680	3.673280e-03	-8.86048e-03	-4.26419e-03	
3681	3.674280e-03	-8.88944e-03	-4.31007e-03	
3682	3.675280e-03	-8.91804e-03	-4.35577e-03	
3683	3.676280e-03	-8.94629e-03	-4.40131e-03	
3684	3.677280e-03	-8.97419e-03	-4.44667e-03	
3685	3.678280e-03	-9.00173e-03	-4.49186e-03	
3686	3.679280e-03	-9.02892e-03	-4.53687e-03	
3687	3.680280e-03	-9.05575e-03	-4.58170e-03	
3688	3.681280e-03	-9.08222e-03	-4.62635e-03	
3689	3.682280e-03	-9.10834e-03	-4.67082e-03	
3690	3.683280e-03	-9.13409e-03	-4.71510e-03	
3691	3.684280e-03	-9.15949e-03	-4.75920e-03	
3692	3.685280e-03	-9.18452e-03	-4.80310e-03	
3693	3.686280e-03	-9.20919e-03	-4.84682e-03	
3694	3.687280e-03	-9.23350e-03	-4.89035e-03	
3695	3.688280e-03	-9.25744e-03	-4.93368e-03	
3696	3.689280e-03	-9.28102e-03	-4.97682e-03	
3697	3.690280e-03	-9.30423e-03	-5.01977e-03	
3698	3.691280e-03	-9.32707e-03	-5.06251e-03	
3699	3.692280e-03	-9.34955e-03	-5.10506e-03	
3700	3.693280e-03	-9.37165e-03	-5.14740e-03	
3701	3.694280e-03	-9.39339e-03	-5.18954e-03	
3702	3.695280e-03	-9.41475e-03	-5.23148e-03	
3703	3.696280e-03	-9.43575e-03	-5.27321e-03	
3704	3.697280e-03	-9.45637e-03	-5.31473e-03	
3705	3.698280e-03	-9.47661e-03	-5.35604e-03	
3706	3.699280e-03	-9.49649e-03	-5.39714e-03	
3707	3.700280e-03	-9.51599e-03	-5.43803e-03	
3708	3.701280e-03	-9.53511e-03	-5.47870e-03	

Index   time            v(in)           v(out)          
--------------------------------------------------------------------------------
3709	3.702280e-03	-9.55386e-03	-5.51915e-03	
3710	3.703280e-03	-9.57223e-03	-5.55939e-03	
3711	3.704280e-03	-9.59022e-03	-5.59941e-03	
3712	3.705280e-03	-9.60783e-03	-5.63921e-03	
3713	3.706280e-03	-9.62506e-03	-5.67878e-03	
3714	3.707280e-03	-9.64192e-03	-5.71813e-03	
3715	3.708280e-03	-9.65839e-03	-5.75726e-03	
3716	3.709280e-03	-9.67448e-03	-5.79615e-03	
3717	3.710280e-03	-9.69019e-03	-5.83482e-03	
3718	3.711280e-03	-9.70552e-03	-5.87326e-03	
3719	3.712280e-03	-9.72046e-03	-5.91147e-03	
3720	3.713280e-03	-9.73502e-03	-5.94944e-03	
3721	3.714280e-03	-9.74920e-03	-5.98718e-03	
3722	3.715280e-03	-9.76299e-03	-6.02468e-03	
3723	3.716280e-03	-9.77640e-03	-6.06194e-03	
3724	3.717280e-03	-9.78942e-03	-6.09897e-03	
3725	3.718280e-03	-9.80205e-03	-6.13575e-03	
3726	3.719280e-03	-9.81430e-03	-6.17229e-03	
3727	3.720280e-03	-9.82615e-03	-6.20859e-03	
3728	3.721280e-03	-9.83762e-03	-6.24464e-03	
3729	3.722280e-03	-9.84871e-03	-6.28045e-03	
3730	3.723280e-03	-9.85940e-03	-6.31601e-03	
3731	3.724280e-03	-9.86971e-03	-6.35132e-03	
3732	3.725280e-03	-9.87962e-03	-6.38637e-03	
3733	3.726280e-03	-9.88915e-03	-6.42118e-03	
3734	3.727280e-03	-9.89828e-03	-6.45573e-03	
3735	3.728280e-03	-9.90702e-03	-6.49003e-03	
3736	3.729280e-03	-9.91538e-03	-6.52407e-03	
3737	3.730280e-03	-9.92334e-03	-6.55786e-03	
3738	3.731280e-03	-9.93091e-03	-6.59138e-03	
3739	3.732280e-03	-9.93808e-03	-6.62465e-03	
3740	3.733280e-03	-9.94487e-03	-6.65765e-03	
3741	3.734280e-03	-9.95126e-03	-6.69039e-03	
3742	3.735280e-03	-9.95726e-03	-6.72287e-03	
3743	3.736280e-03	-9.96287e-03	-6.75508e-03	
3744	3.737280e-03	-9.96808e-03	-6.78702e-03	
3745	3.738280e-03	-9.97290e-03	-6.81870e-03	
3746	3.739280e-03	-9.97732e-03	-6.85010e-03	
3747	3.740280e-03	-9.98136e-03	-6.88124e-03	
3748	3.741280e-03	-9.98499e-03	-6.91211e-03	
3749	3.742280e-03	-9.98824e-03	-6.94270e-03	
3750	3.743280e-03	-9.99109e-03	-6.97302e-03	
3751	3.744280e-03	-9.99354e-03	-7.00306e-03	
3752	3.745280e-03	-9.99560e-03	-7.03283e-03	
3753	3.746280e-03	-9.99727e-03	-7.06231e-03	
3754	3.747280e-03	-9.99854e-03	-7.09152e-03	
3755	3.748280e-03	-9.99942e-03	-7.12045e-03	
3756	3.749280e-03	-9.99990e-03	-7.14910e-03	
3757	3.750280e-03	-9.99998e-03	-7.17747e-03	
3758	3.751280e-03	-9.99968e-03	-7.20555e-03	
3759	3.752280e-03	-9.99897e-03	-7.23335e-03	
3760	3.753280e-03	-9.99788e-03	-7.26086e-03	
3761	3.754280e-03	-9.99638e-03	-7.28809e-03	
3762	3.755280e-03	-9.99450e-03	-7.31503e-03	
3763	3.756280e-03	-9.99222e-03	-7.34168e-03	
3764	3.757280e-03	-9.98954e-03	-7.36804e-03	
3765	3.758280e-03	-9.98647e-03	-7.39411e-03	
3766	3.759280e-03	-9.98301e-03	-7.41989e-03	

Index   time            v(in)           v(out)          
--------------------------------------------------------------------------------
3767	3.760280e-03	-9.97915e-03	-7.44537e-03	
3768	3.761280e-03	-9.97489e-03	-7.47056e-03	
3769	3.762280e-03	-9.97025e-03	-7.49546e-03	
3770	3.763280e-03	-9.96521e-03	-7.52006e-03	
3771	3.764280e-03	-9.95978e-03	-7.54436e-03	
3772	3.765280e-03	-9.95395e-03	-7.56836e-03	
3773	3.766280e-03	-9.94773e-03	-7.59207e-03	
3774	3.767280e-03	-9.94112e-03	-7.61548e-03	
3775	3.768280e-03	-9.93411e-03	-7.63858e-03	
3776	3.769280e-03	-9.92672e-03	-7.66139e-03	
3777	3.770280e-03	-9.91893e-03	-7.68389e-03	
3778	3.771280e-03	-9.91075e-03	-7.70609e-03	
3779	3.772280e-03	-9.90217e-03	-7.72798e-03	
3780	3.773280e-03	-9.89321e-03	-7.74957e-03	
3781	3.774280e-03	-9.88386e-03	-7.77085e-03	
3782	3.775280e-03	-9.87412e-03	-7.79183e-03	
3783	3.776280e-03	-9.86398e-03	-7.81250e-03	
3784	3.777280e-03	-9.85346e-03	-7.83286e-03	
3785	3.778280e-03	-9.84255e-03	-7.85291e-03	
3786	3.779280e-03	-9.83125e-03	-7.87265e-03	
3787	3.780280e-03	-9.81956e-03	-7.89208e-03	
3788	3.781280e-03	-9.80748e-03	-7.91120e-03	
3789	3.782280e-03	-9.79502e-03	-7.93001e-03	
3790	3.783280e-03	-9.78217e-03	-7.94850e-03	
3791	3.784280e-03	-9.76894e-03	-7.96668e-03	
3792	3.785280e-03	-9.75531e-03	-7.98455e-03	
3793	3.786280e-03	-9.74131e-03	-8.00210e-03	
3794	3.787280e-03	-9.72692e-03	-8.01933e-03	
3795	3.788280e-03	-9.71214e-03	-8.03625e-03	
3796	3.789280e-03	-9.69698e-03	-8.05285e-03	
3797	3.790280e-03	-9.68144e-03	-8.06913e-03	
3798	3.791280e-03	-9.66552e-03	-8.08509e-03	
3799	3.792280e-03	-9.64921e-03	-8.10074e-03	
3800	3.793280e-03	-9.63253e-03	-8.11606e-03	
3801	3.794280e-03	-9.61546e-03	-8.13107e-03	
3802	3.795280e-03	-9.59801e-03	-8.14575e-03	
3803	3.796280e-03	-9.58019e-03	-8.16011e-03	
3804	3.797280e-03	-9.56199e-03	-8.17415e-03	
3805	3.798280e-03	-9.54340e-03	-8.18787e-03	
3806	3.799280e-03	-9.52445e-03	-8.20126e-03	
3807	3.800280e-03	-9.50511e-03	-8.21433e-03	
3808	3.801280e-03	-9.48541e-03	-8.22708e-03	
3809	3.802280e-03	-9.46532e-03	-8.23950e-03	
3810	3.803280e-03	-9.44487e-03	-8.25159e-03	
3811	3.804280e-03	-9.42404e-03	-8.26336e-03	
3812	3.805280e-03	-9.40283e-03	-8.27481e-03	
3813	3.806280e-03	-9.38126e-03	-8.28592e-03	
3814	3.807280e-03	-9.35932e-03	-8.29671e-03	
3815	3.808280e-03	-9.33700e-03	-8.30718e-03	
3816	3.809280e-03	-9.31432e-03	-8.31731e-03	
3817	3.810280e-03	-9.29127e-03	-8.32712e-03	
3818	3.811280e-03	-9.26786e-03	-8.33659e-03	
3819	3.812280e-03	-9.24408e-03	-8.34574e-03	
3820	3.813280e-03	-9.21993e-03	-8.35456e-03	
3821	3.814280e-03	-9.19542e-03	-8.36305e-03	
3822	3.815280e-03	-9.17055e-03	-8.37121e-03	
3823	3.816280e-03	-9.14531e-03	-8.37903e-03	
3824	3.817280e-03	-9.11971e-03	-8.38653e-03	

Index   time            v(in)           v(out)          
--------------------------------------------------------------------------------
3825	3.818280e-03	-9.09376e-03	-8.39370e-03	
3826	3.819280e-03	-9.06744e-03	-8.40053e-03	
3827	3.820280e-03	-9.04077e-03	-8.40704e-03	
3828	3.821280e-03	-9.01374e-03	-8.41321e-03	
3829	3.822280e-03	-8.98635e-03	-8.41905e-03	
3830	3.823280e-03	-8.95861e-03	-8.42455e-03	
3831	3.824280e-03	-8.93051e-03	-8.42973e-03	
3832	3.825280e-03	-8.90206e-03	-8.43457e-03	
3833	3.826280e-03	-8.87327e-03	-8.43908e-03	
3834	3.827280e-03	-8.84412e-03	-8.44325e-03	
3835	3.828280e-03	-8.81462e-03	-8.44709e-03	
3836	3.829280e-03	-8.78477e-03	-8.45060e-03	
3837	3.830280e-03	-8.75458e-03	-8.45378e-03	
3838	3.831280e-03	-8.72404e-03	-8.45662e-03	
3839	3.832280e-03	-8.69316e-03	-8.45913e-03	
3840	3.833280e-03	-8.66193e-03	-8.46130e-03	
3841	3.834280e-03	-8.63036e-03	-8.46314e-03	
3842	3.835280e-03	-8.59845e-03	-8.46464e-03	
3843	3.836280e-03	-8.56620e-03	-8.46581e-03	
3844	3.837280e-03	-8.53362e-03	-8.46665e-03	
3845	3.838280e-03	-8.50069e-03	-8.46715e-03	
3846	3.839280e-03	-8.46743e-03	-8.46732e-03	
3847	3.840280e-03	-8.43384e-03	-8.46716e-03	
3848	3.841280e-03	-8.39991e-03	-8.46666e-03	
3849	3.842280e-03	-8.36565e-03	-8.46582e-03	
3850	3.843280e-03	-8.33107e-03	-8.46465e-03	
3851	3.844280e-03	-8.29615e-03	-8.46315e-03	
3852	3.845280e-03	-8.26090e-03	-8.46131e-03	
3853	3.846280e-03	-8.22533e-03	-8.45914e-03	
3854	3.847280e-03	-8.18944e-03	-8.45664e-03	
3855	3.848280e-03	-8.15322e-03	-8.45380e-03	
3856	3.849280e-03	-8.11668e-03	-8.45063e-03	
3857	3.850280e-03	-8.07982e-03	-8.44712e-03	
3858	3.851280e-03	-8.04264e-03	-8.44328e-03	
3859	3.852280e-03	-8.00514e-03	-8.43911e-03	
3860	3.853280e-03	-7.96732e-03	-8.43460e-03	
3861	3.854280e-03	-7.92920e-03	-8.42976e-03	
3862	3.855280e-03	-7.89076e-03	-8.42459e-03	
3863	3.856280e-03	-7.85200e-03	-8.41908e-03	
3864	3.857280e-03	-7.81294e-03	-8.41325e-03	
3865	3.858280e-03	-7.77357e-03	-8.40708e-03	
3866	3.859280e-03	-7.73389e-03	-8.40058e-03	
3867	3.860280e-03	-7.69391e-03	-8.39374e-03	
3868	3.861280e-03	-7.65362e-03	-8.38658e-03	
3869	3.862280e-03	-7.61303e-03	-8.37909e-03	
3870	3.863280e-03	-7.57214e-03	-8.37126e-03	
3871	3.864280e-03	-7.53095e-03	-8.36310e-03	
3872	3.865280e-03	-7.48946e-03	-8.35462e-03	
3873	3.866280e-03	-7.44768e-03	-8.34580e-03	
3874	3.867280e-03	-7.40561e-03	-8.33665e-03	
3875	3.868280e-03	-7.36324e-03	-8.32718e-03	
3876	3.869280e-03	-7.32058e-03	-8.31738e-03	
3877	3.870280e-03	-7.27763e-03	-8.30724e-03	
3878	3.871280e-03	-7.23440e-03	-8.29678e-03	
3879	3.872280e-03	-7.19088e-03	-8.28600e-03	
3880	3.873280e-03	-7.14707e-03	-8.27488e-03	
3881	3.874280e-03	-7.10298e-03	-8.26344e-03	
3882	3.875280e-03	-7.05862e-03	-8.25167e-03	

Index   time            v(in)           v(out)          
--------------------------------------------------------------------------------
3883	3.876280e-03	-7.01397e-03	-8.23958e-03	
3884	3.877280e-03	-6.96905e-03	-8.22716e-03	
3885	3.878280e-03	-6.92385e-03	-8.21442e-03	
3886	3.879280e-03	-6.87838e-03	-8.20135e-03	
3887	3.880280e-03	-6.83264e-03	-8.18796e-03	
3888	3.881280e-03	-6.78662e-03	-8.17424e-03	
3889	3.882280e-03	-6.74034e-03	-8.16021e-03	
3890	3.883280e-03	-6.69380e-03	-8.14585e-03	
3891	3.884280e-03	-6.64699e-03	-8.13117e-03	
3892	3.885280e-03	-6.59991e-03	-8.11616e-03	
3893	3.886280e-03	-6.55258e-03	-8.10084e-03	
3894	3.887280e-03	-6.50499e-03	-8.08520e-03	
3895	3.888280e-03	-6.45714e-03	-8.06924e-03	
3896	3.889280e-03	-6.40903e-03	-8.05296e-03	
3897	3.890280e-03	-6.36067e-03	-8.03636e-03	
3898	3.891280e-03	-6.31207e-03	-8.01944e-03	
3899	3.892280e-03	-6.26321e-03	-8.00221e-03	
3900	3.893280e-03	-6.21410e-03	-7.98466e-03	
3901	3.894280e-03	-6.16475e-03	-7.96680e-03	
3902	3.895280e-03	-6.11516e-03	-7.94862e-03	
3903	3.896280e-03	-6.06532e-03	-7.93013e-03	
3904	3.897280e-03	-6.01525e-03	-7.91133e-03	
3905	3.898280e-03	-5.96494e-03	-7.89221e-03	
3906	3.899280e-03	-5.91439e-03	-7.87278e-03	
3907	3.900280e-03	-5.86361e-03	-7.85304e-03	
3908	3.901280e-03	-5.81260e-03	-7.83299e-03	
3909	3.902280e-03	-5.76136e-03	-7.81264e-03	
3910	3.903280e-03	-5.70989e-03	-7.79197e-03	
3911	3.904280e-03	-5.65819e-03	-7.77099e-03	
3912	3.905280e-03	-5.60627e-03	-7.74971e-03	
3913	3.906280e-03	-5.55413e-03	-7.72813e-03	
3914	3.907280e-03	-5.50178e-03	-7.70623e-03	
3915	3.908280e-03	-5.44920e-03	-7.68404e-03	
3916	3.909280e-03	-5.39641e-03	-7.66154e-03	
3917	3.910280e-03	-5.34341e-03	-7.63874e-03	
3918	3.911280e-03	-5.29019e-03	-7.61563e-03	
3919	3.912280e-03	-5.23677e-03	-7.59223e-03	
3920	3.913280e-03	-5.18314e-03	-7.56852e-03	
3921	3.914280e-03	-5.12930e-03	-7.54452e-03	
3922	3.915280e-03	-5.07526e-03	-7.52022e-03	
3923	3.916280e-03	-5.02103e-03	-7.49562e-03	
3924	3.917280e-03	-4.96659e-03	-7.47073e-03	
3925	3.918280e-03	-4.91196e-03	-7.44554e-03	
3926	3.919280e-03	-4.85713e-03	-7.42006e-03	
3927	3.920280e-03	-4.80211e-03	-7.39428e-03	
3928	3.921280e-03	-4.74690e-03	-7.36821e-03	
3929	3.922280e-03	-4.69151e-03	-7.34185e-03	
3930	3.923280e-03	-4.63593e-03	-7.31521e-03	
3931	3.924280e-03	-4.58017e-03	-7.28827e-03	
3932	3.925280e-03	-4.52422e-03	-7.26105e-03	
3933	3.926280e-03	-4.46810e-03	-7.23353e-03	
3934	3.927280e-03	-4.41180e-03	-7.20574e-03	
3935	3.928280e-03	-4.35533e-03	-7.17766e-03	
3936	3.929280e-03	-4.29868e-03	-7.14929e-03	
3937	3.930280e-03	-4.24187e-03	-7.12064e-03	
3938	3.931280e-03	-4.18489e-03	-7.09172e-03	
3939	3.932280e-03	-4.12774e-03	-7.06251e-03	
3940	3.933280e-03	-4.07043e-03	-7.03302e-03	

Index   time            v(in)           v(out)          
--------------------------------------------------------------------------------
3941	3.934280e-03	-4.01296e-03	-7.00326e-03	
3942	3.935280e-03	-3.95533e-03	-6.97322e-03	
3943	3.936280e-03	-3.89754e-03	-6.94290e-03	
3944	3.937280e-03	-3.83960e-03	-6.91231e-03	
3945	3.938280e-03	-3.78151e-03	-6.88145e-03	
3946	3.939280e-03	-3.72327e-03	-6.85031e-03	
3947	3.940280e-03	-3.66488e-03	-6.81891e-03	
3948	3.941280e-03	-3.60635e-03	-6.78723e-03	
3949	3.942280e-03	-3.54768e-03	-6.75529e-03	
3950	3.943280e-03	-3.48886e-03	-6.72308e-03	
3951	3.944280e-03	-3.42991e-03	-6.69061e-03	
3952	3.945280e-03	-3.37082e-03	-6.65787e-03	
3953	3.946280e-03	-3.31160e-03	-6.62486e-03	
3954	3.947280e-03	-3.25225e-03	-6.59160e-03	
3955	3.948280e-03	-3.19277e-03	-6.55808e-03	
3956	3.949280e-03	-3.13316e-03	-6.52430e-03	
3957	3.950280e-03	-3.07343e-03	-6.49026e-03	
3958	3.951280e-03	-3.01358e-03	-6.45596e-03	
3959	3.952280e-03	-2.95361e-03	-6.42141e-03	
3960	3.953280e-03	-2.89353e-03	-6.38661e-03	
3961	3.954280e-03	-2.83333e-03	-6.35155e-03	
3962	3.955280e-03	-2.77301e-03	-6.31624e-03	
3963	3.956280e-03	-2.71259e-03	-6.28068e-03	
3964	3.957280e-03	-2.65206e-03	-6.24488e-03	
3965	3.958280e-03	-2.59143e-03	-6.20883e-03	
3966	3.959280e-03	-2.53069e-03	-6.17253e-03	
3967	3.960280e-03	-2.46985e-03	-6.13599e-03	
3968	3.961280e-03	-2.40892e-03	-6.09921e-03	
3969	3.962280e-03	-2.34789e-03	-6.06219e-03	
3970	3.963280e-03	-2.28677e-03	-6.02493e-03	
3971	3.964280e-03	-2.22556e-03	-5.98743e-03	
3972	3.965280e-03	-2.16426e-03	-5.94969e-03	
3973	3.966280e-03	-2.10287e-03	-5.91172e-03	
3974	3.967280e-03	-2.04141e-03	-5.87351e-03	
3975	3.968280e-03	-1.97986e-03	-5.83508e-03	
3976	3.969280e-03	-1.91823e-03	-5.79641e-03	
3977	3.970280e-03	-1.85653e-03	-5.75751e-03	
3978	3.971280e-03	-1.79475e-03	-5.71839e-03	
3979	3.972280e-03	-1.73291e-03	-5.67904e-03	
3980	3.973280e-03	-1.67099e-03	-5.63947e-03	
3981	3.974280e-03	-1.60901e-03	-5.59967e-03	
3982	3.975280e-03	-1.54697e-03	-5.55966e-03	
3983	3.976280e-03	-1.48486e-03	-5.51942e-03	
3984	3.977280e-03	-1.42270e-03	-5.47897e-03	
3985	3.978280e-03	-1.36048e-03	-5.43830e-03	
3986	3.979280e-03	-1.29820e-03	-5.39741e-03	
3987	3.980280e-03	-1.23588e-03	-5.35631e-03	
3988	3.981280e-03	-1.17350e-03	-5.31500e-03	
3989	3.982280e-03	-1.11108e-03	-5.27348e-03	
3990	3.983280e-03	-1.04862e-03	-5.23176e-03	
3991	3.984280e-03	-9.86112e-04	-5.18982e-03	
3992	3.985280e-03	-9.23567e-04	-5.14768e-03	
3993	3.986280e-03	-8.60986e-04	-5.10534e-03	
3994	3.987280e-03	-7.98371e-04	-5.06280e-03	
3995	3.988280e-03	-7.35724e-04	-5.02005e-03	
3996	3.989280e-03	-6.73048e-04	-4.97711e-03	
3997	3.990280e-03	-6.10346e-04	-4.93397e-03	
3998	3.991280e-03	-5.47620e-04	-4.89064e-03	

Index   time            v(in)           v(out)          
--------------------------------------------------------------------------------
3999	3.992280e-03	-4.84872e-04	-4.84711e-03	
4000	3.993280e-03	-4.22105e-04	-4.80339e-03	
4001	3.994280e-03	-3.59321e-04	-4.75949e-03	
4002	3.995280e-03	-2.96523e-04	-4.71539e-03	
4003	3.996280e-03	-2.33713e-04	-4.67111e-03	
4004	3.997280e-03	-1.70894e-04	-4.62664e-03	
4005	3.998280e-03	-1.08069e-04	-4.58200e-03	
4006	3.999280e-03	-4.52388e-05	-4.53717e-03	
4007	4.000280e-03	1.759291e-05	-4.49216e-03	
4008	4.001280e-03	8.042390e-05	-4.44697e-03	
4009	4.002280e-03	1.432517e-04	-4.40161e-03	
4010	4.003280e-03	2.060739e-04	-4.35608e-03	
4011	4.004280e-03	2.688879e-04	-4.31037e-03	
4012	4.005280e-03	3.316913e-04	-4.26449e-03	
4013	4.006280e-03	3.944817e-04	-4.21845e-03	
4014	4.007280e-03	4.572564e-04	-4.17223e-03	
4015	4.008280e-03	5.200131e-04	-4.12586e-03	
4016	4.009280e-03	5.827493e-04	-4.07932e-03	
4017	4.010280e-03	6.454624e-04	-4.03262e-03	
4018	4.011280e-03	7.081501e-04	-3.98576e-03	
4019	4.012280e-03	7.708098e-04	-3.93874e-03	
4020	4.013280e-03	8.334391e-04	-3.89157e-03	
4021	4.014280e-03	8.960355e-04	-3.84424e-03	
4022	4.015280e-03	9.585965e-04	-3.79676e-03	
4023	4.016280e-03	1.021120e-03	-3.74913e-03	
4024	4.017280e-03	1.083603e-03	-3.70136e-03	
4025	4.018280e-03	1.146043e-03	-3.65344e-03	
4026	4.019280e-03	1.208437e-03	-3.60537e-03	
4027	4.020280e-03	1.270785e-03	-3.55716e-03	
4028	4.021280e-03	1.333082e-03	-3.50881e-03	
4029	4.022280e-03	1.395326e-03	-3.46032e-03	
4030	4.023280e-03	1.457515e-03	-3.41170e-03	
4031	4.024280e-03	1.519647e-03	-3.36294e-03	
4032	4.025280e-03	1.581719e-03	-3.31405e-03	
4033	4.026280e-03	1.643728e-03	-3.26503e-03	
4034	4.027280e-03	1.705672e-03	-3.21588e-03	
4035	4.028280e-03	1.767549e-03	-3.16660e-03	
4036	4.029280e-03	1.829356e-03	-3.11719e-03	
4037	4.030280e-03	1.891092e-03	-3.06767e-03	
4038	4.031280e-03	1.952752e-03	-3.01802e-03	
4039	4.032280e-03	2.014335e-03	-2.96825e-03	
4040	4.033280e-03	2.075839e-03	-2.91837e-03	
4041	4.034280e-03	2.137261e-03	-2.86837e-03	
4042	4.035280e-03	2.198598e-03	-2.81826e-03	
4043	4.036280e-03	2.259849e-03	-2.76803e-03	
4044	4.037280e-03	2.321010e-03	-2.71770e-03	
4045	4.038280e-03	2.382080e-03	-2.66726e-03	
4046	4.039280e-03	2.443056e-03	-2.61671e-03	
4047	4.040280e-03	2.503935e-03	-2.56607e-03	
4048	4.041280e-03	2.564716e-03	-2.51532e-03	
4049	4.042280e-03	2.625395e-03	-2.46447e-03	
4050	4.043280e-03	2.685970e-03	-2.41352e-03	
4051	4.044280e-03	2.746440e-03	-2.36248e-03	
4052	4.045280e-03	2.806801e-03	-2.31134e-03	
4053	4.046280e-03	2.867051e-03	-2.26012e-03	
4054	4.047280e-03	2.927189e-03	-2.20880e-03	
4055	4.048280e-03	2.987210e-03	-2.15740e-03	
4056	4.049280e-03	3.047114e-03	-2.10591e-03	

Index   time            v(in)           v(out)          
--------------------------------------------------------------------------------
4057	4.050280e-03	3.106897e-03	-2.05434e-03	
4058	4.051280e-03	3.166558e-03	-2.00268e-03	
4059	4.052280e-03	3.226093e-03	-1.95095e-03	
4060	4.053280e-03	3.285502e-03	-1.89914e-03	
4061	4.054280e-03	3.344780e-03	-1.84726e-03	
4062	4.055280e-03	3.403927e-03	-1.79530e-03	
4063	4.056280e-03	3.462939e-03	-1.74328e-03	
4064	4.057280e-03	3.521814e-03	-1.69118e-03	
4065	4.058280e-03	3.580551e-03	-1.63902e-03	
4066	4.059280e-03	3.639146e-03	-1.58679e-03	
4067	4.060280e-03	3.697597e-03	-1.53450e-03	
4068	4.061280e-03	3.755903e-03	-1.48215e-03	
4069	4.062280e-03	3.814060e-03	-1.42974e-03	
4070	4.063280e-03	3.872066e-03	-1.37728e-03	
4071	4.064280e-03	3.929920e-03	-1.32476e-03	
4072	4.065280e-03	3.987619e-03	-1.27218e-03	
4073	4.066280e-03	4.045160e-03	-1.21956e-03	
4074	4.067280e-03	4.102541e-03	-1.16689e-03	
4075	4.068280e-03	4.159761e-03	-1.11417e-03	
4076	4.069280e-03	4.216816e-03	-1.06141e-03	
4077	4.070280e-03	4.273705e-03	-1.00861e-03	
4078	4.071280e-03	4.330425e-03	-9.55766e-04	
4079	4.072280e-03	4.386974e-03	-9.02886e-04	
4080	4.073280e-03	4.443350e-03	-8.49970e-04	
4081	4.074280e-03	4.499550e-03	-7.97021e-04	
4082	4.075280e-03	4.555573e-03	-7.44040e-04	
4083	4.076280e-03	4.611416e-03	-6.91030e-04	
4084	4.077280e-03	4.667077e-03	-6.37992e-04	
4085	4.078280e-03	4.722554e-03	-5.84929e-04	
4086	4.079280e-03	4.777844e-03	-5.31843e-04	
4087	4.080280e-03	4.832946e-03	-4.78737e-04	
4088	4.081280e-03	4.887857e-03	-4.25611e-04	
4089	4.082280e-03	4.942575e-03	-3.72468e-04	
4090	4.083280e-03	4.997098e-03	-3.19311e-04	
4091	4.084280e-03	5.051423e-03	-2.66141e-04	
4092	4.085280e-03	5.105549e-03	-2.12961e-04	
4093	4.086280e-03	5.159474e-03	-1.59772e-04	
4094	4.087280e-03	5.213195e-03	-1.06577e-04	
4095	4.088280e-03	5.266710e-03	-5.33776e-05	
4096	4.089280e-03	5.320017e-03	-1.76238e-07	
4097	4.090280e-03	5.373114e-03	5.302517e-05	
4098	4.091280e-03	5.425999e-03	1.062245e-04	
4099	4.092280e-03	5.478670e-03	1.594196e-04	
4100	4.093280e-03	5.531124e-03	2.126084e-04	
4101	4.094280e-03	5.583360e-03	2.657889e-04	
4102	4.095280e-03	5.635376e-03	3.189588e-04	
4103	4.096280e-03	5.687169e-03	3.721162e-04	
4104	4.097280e-03	5.738738e-03	4.252588e-04	
4105	4.098280e-03	5.790080e-03	4.783847e-04	
4106	4.099280e-03	5.841193e-03	5.314917e-04	
4107	4.100280e-03	5.892076e-03	5.845777e-04	
4108	4.101280e-03	5.942727e-03	6.376406e-04	
4109	4.102280e-03	5.993142e-03	6.906784e-04	
4110	4.103280e-03	6.043322e-03	7.436888e-04	
4111	4.104280e-03	6.093262e-03	7.966700e-04	
4112	4.105280e-03	6.142962e-03	8.496196e-04	
4113	4.106280e-03	6.192420e-03	9.025358e-04	
4114	4.107280e-03	6.241633e-03	9.554163e-04	

Index   time            v(in)           v(out)          
--------------------------------------------------------------------------------
4115	4.108280e-03	6.290599e-03	1.008259e-03	
4116	4.109280e-03	6.339318e-03	1.061062e-03	
4117	4.110280e-03	6.387786e-03	1.113823e-03	
4118	4.111280e-03	6.436001e-03	1.166540e-03	
4119	4.112280e-03	6.483963e-03	1.219211e-03	
4120	4.113280e-03	6.531669e-03	1.271834e-03	
4121	4.114280e-03	6.579117e-03	1.324407e-03	
4122	4.115280e-03	6.626305e-03	1.376927e-03	
4123	4.116280e-03	6.673232e-03	1.429393e-03	
4124	4.117280e-03	6.719895e-03	1.481803e-03	
4125	4.118280e-03	6.766293e-03	1.534154e-03	
4126	4.119280e-03	6.812423e-03	1.586445e-03	
4127	4.120280e-03	6.858285e-03	1.638673e-03	
4128	4.121280e-03	6.903876e-03	1.690836e-03	
4129	4.122280e-03	6.949195e-03	1.742933e-03	
4130	4.123280e-03	6.994239e-03	1.794960e-03	
4131	4.124280e-03	7.039007e-03	1.846917e-03	
4132	4.125280e-03	7.083497e-03	1.898801e-03	
4133	4.126280e-03	7.127707e-03	1.950610e-03	
4134	4.127280e-03	7.171637e-03	2.002342e-03	
4135	4.128280e-03	7.215282e-03	2.053995e-03	
4136	4.129280e-03	7.258644e-03	2.105567e-03	
4137	4.130280e-03	7.301718e-03	2.157055e-03	
4138	4.131280e-03	7.344504e-03	2.208459e-03	
4139	4.132280e-03	7.387001e-03	2.259775e-03	
4140	4.133280e-03	7.429206e-03	2.311002e-03	
4141	4.134280e-03	7.471117e-03	2.362138e-03	
4142	4.135280e-03	7.512733e-03	2.413181e-03	
4143	4.136280e-03	7.554053e-03	2.464128e-03	
4144	4.137280e-03	7.595075e-03	2.514979e-03	
4145	4.138280e-03	7.635797e-03	2.565729e-03	
4146	4.139280e-03	7.676217e-03	2.616379e-03	
4147	4.140280e-03	7.716335e-03	2.666925e-03	
4148	4.141280e-03	7.756147e-03	2.717366e-03	
4149	4.142280e-03	7.795654e-03	2.767700e-03	
4150	4.143280e-03	7.834853e-03	2.817924e-03	
4151	4.144280e-03	7.873742e-03	2.868037e-03	
4152	4.145280e-03	7.912321e-03	2.918037e-03	
4153	4.146280e-03	7.950587e-03	2.967922e-03	
4154	4.147280e-03	7.988539e-03	3.017690e-03	
4155	4.148280e-03	8.026176e-03	3.067338e-03	
4156	4.149280e-03	8.063496e-03	3.116865e-03	
4157	4.150280e-03	8.100498e-03	3.166270e-03	
4158	4.151280e-03	8.137180e-03	3.215549e-03	
4159	4.152280e-03	8.173541e-03	3.264701e-03	
4160	4.153280e-03	8.209579e-03	3.313725e-03	
4161	4.154280e-03	8.245293e-03	3.362617e-03	
4162	4.155280e-03	8.280682e-03	3.411377e-03	
4163	4.156280e-03	8.315743e-03	3.460003e-03	
4164	4.157280e-03	8.350476e-03	3.508491e-03	
4165	4.158280e-03	8.384880e-03	3.556841e-03	
4166	4.159280e-03	8.418953e-03	3.605051e-03	
4167	4.160280e-03	8.452693e-03	3.653118e-03	
4168	4.161280e-03	8.486099e-03	3.701042e-03	
4169	4.162280e-03	8.519171e-03	3.748819e-03	
4170	4.163280e-03	8.551906e-03	3.796448e-03	
4171	4.164280e-03	8.584304e-03	3.843927e-03	
4172	4.165280e-03	8.616362e-03	3.891254e-03	

Index   time            v(in)           v(out)          
--------------------------------------------------------------------------------
4173	4.166280e-03	8.648081e-03	3.938428e-03	
4174	4.167280e-03	8.679458e-03	3.985446e-03	
4175	4.168280e-03	8.710493e-03	4.032307e-03	
4176	4.169280e-03	8.741183e-03	4.079009e-03	
4177	4.170280e-03	8.771529e-03	4.125550e-03	
4178	4.171280e-03	8.801528e-03	4.171928e-03	
4179	4.172280e-03	8.831180e-03	4.218141e-03	
4180	4.173280e-03	8.860483e-03	4.264188e-03	
4181	4.174280e-03	8.889436e-03	4.310066e-03	
4182	4.175280e-03	8.918038e-03	4.355774e-03	
4183	4.176280e-03	8.946289e-03	4.401310e-03	
4184	4.177280e-03	8.974186e-03	4.446673e-03	
4185	4.178280e-03	9.001729e-03	4.491860e-03	
4186	4.179280e-03	9.028916e-03	4.536869e-03	
4187	4.180280e-03	9.055747e-03	4.581700e-03	
4188	4.181280e-03	9.082221e-03	4.626349e-03	
4189	4.182280e-03	9.108336e-03	4.670816e-03	
4190	4.183280e-03	9.134091e-03	4.715099e-03	
4191	4.184280e-03	9.159486e-03	4.759195e-03	
4192	4.185280e-03	9.184519e-03	4.803104e-03	
4193	4.186280e-03	9.209190e-03	4.846823e-03	
4194	4.187280e-03	9.233497e-03	4.890350e-03	
4195	4.188280e-03	9.257439e-03	4.933685e-03	
4196	4.189280e-03	9.281016e-03	4.976825e-03	
4197	4.190280e-03	9.304227e-03	5.019768e-03	
4198	4.191280e-03	9.327070e-03	5.062513e-03	
4199	4.192280e-03	9.349545e-03	5.105058e-03	
4200	4.193280e-03	9.371651e-03	5.147402e-03	
4201	4.194280e-03	9.393387e-03	5.189542e-03	
4202	4.195280e-03	9.414753e-03	5.231478e-03	
4203	4.196280e-03	9.435746e-03	5.273207e-03	
4204	4.197280e-03	9.456367e-03	5.314728e-03	
4205	4.198280e-03	9.476615e-03	5.356039e-03	
4206	4.199280e-03	9.496488e-03	5.397139e-03	
4207	4.200280e-03	9.515987e-03	5.438025e-03	
4208	4.201280e-03	9.535110e-03	5.478697e-03	
4209	4.202280e-03	9.553856e-03	5.519153e-03	
4210	4.203280e-03	9.572226e-03	5.559390e-03	
4211	4.204280e-03	9.590217e-03	5.599408e-03	
4212	4.205280e-03	9.607830e-03	5.639206e-03	
4213	4.206280e-03	9.625064e-03	5.678780e-03	
4214	4.207280e-03	9.641917e-03	5.718131e-03	
4215	4.208280e-03	9.658390e-03	5.757255e-03	
4216	4.209280e-03	9.674482e-03	5.796152e-03	
4217	4.210280e-03	9.690192e-03	5.834821e-03	
4218	4.211280e-03	9.705519e-03	5.873259e-03	
4219	4.212280e-03	9.720463e-03	5.911465e-03	
4220	4.213280e-03	9.735023e-03	5.949438e-03	
4221	4.214280e-03	9.749199e-03	5.987176e-03	
4222	4.215280e-03	9.762990e-03	6.024678e-03	
4223	4.216280e-03	9.776396e-03	6.061942e-03	
4224	4.217280e-03	9.789416e-03	6.098966e-03	
4225	4.218280e-03	9.802049e-03	6.135750e-03	
4226	4.219280e-03	9.814295e-03	6.172292e-03	
4227	4.220280e-03	9.826154e-03	6.208589e-03	
4228	4.221280e-03	9.837625e-03	6.244642e-03	
4229	4.222280e-03	9.848707e-03	6.280448e-03	
4230	4.223280e-03	9.859401e-03	6.316007e-03	

Index   time            v(in)           v(out)          
--------------------------------------------------------------------------------
4231	4.224280e-03	9.869705e-03	6.351316e-03	
4232	4.225280e-03	9.879620e-03	6.386374e-03	
4233	4.226280e-03	9.889145e-03	6.421180e-03	
4234	4.227280e-03	9.898279e-03	6.455732e-03	
4235	4.228280e-03	9.907023e-03	6.490030e-03	
4236	4.229280e-03	9.915376e-03	6.524072e-03	
4237	4.230280e-03	9.923337e-03	6.557856e-03	
4238	4.231280e-03	9.930906e-03	6.591381e-03	
4239	4.232280e-03	9.938083e-03	6.624645e-03	
4240	4.233280e-03	9.944868e-03	6.657649e-03	
4241	4.234280e-03	9.951260e-03	6.690389e-03	
4242	4.235280e-03	9.957260e-03	6.722865e-03	
4243	4.236280e-03	9.962866e-03	6.755076e-03	
4244	4.237280e-03	9.968079e-03	6.787021e-03	
4245	4.238280e-03	9.972899e-03	6.818697e-03	
4246	4.239280e-03	9.977325e-03	6.850104e-03	
4247	4.240280e-03	9.981357e-03	6.881241e-03	
4248	4.241280e-03	9.984994e-03	6.912106e-03	
4249	4.242280e-03	9.988238e-03	6.942698e-03	
4250	4.243280e-03	9.991087e-03	6.973016e-03	
4251	4.244280e-03	9.993542e-03	7.003059e-03	
4252	4.245280e-03	9.995603e-03	7.032825e-03	
4253	4.246280e-03	9.997269e-03	7.062314e-03	
4254	4.247280e-03	9.998540e-03	7.091524e-03	
4255	4.248280e-03	9.999416e-03	7.120453e-03	
4256	4.249280e-03	9.999898e-03	7.149102e-03	
4257	4.250280e-03	9.999985e-03	7.177469e-03	
4258	4.251280e-03	9.999677e-03	7.205552e-03	
4259	4.252280e-03	9.998974e-03	7.233351e-03	
4260	4.253280e-03	9.997876e-03	7.260864e-03	
4261	4.254280e-03	9.996384e-03	7.288090e-03	
4262	4.255280e-03	9.994498e-03	7.315029e-03	
4263	4.256280e-03	9.992216e-03	7.341679e-03	
4264	4.257280e-03	9.989540e-03	7.368039e-03	
4265	4.258280e-03	9.986470e-03	7.394109e-03	
4266	4.259280e-03	9.983006e-03	7.419886e-03	
4267	4.260280e-03	9.979147e-03	7.445371e-03	
4268	4.261280e-03	9.974895e-03	7.470561e-03	
4269	4.262280e-03	9.970248e-03	7.495457e-03	
4270	4.263280e-03	9.965208e-03	7.520057e-03	
4271	4.264280e-03	9.959775e-03	7.544359e-03	
4272	4.265280e-03	9.953949e-03	7.568364e-03	
4273	4.266280e-03	9.947729e-03	7.592071e-03	
4274	4.267280e-03	9.941117e-03	7.615477e-03	
4275	4.268280e-03	9.934112e-03	7.638583e-03	
4276	4.269280e-03	9.926715e-03	7.661387e-03	
4277	4.270280e-03	9.918927e-03	7.683889e-03	
4278	4.271280e-03	9.910746e-03	7.706088e-03	
4279	4.272280e-03	9.902175e-03	7.727982e-03	
4280	4.273280e-03	9.893212e-03	7.749571e-03	
4281	4.274280e-03	9.883859e-03	7.770854e-03	
4282	4.275280e-03	9.874116e-03	7.791831e-03	
4283	4.276280e-03	9.863983e-03	7.812499e-03	
4284	4.277280e-03	9.853460e-03	7.832860e-03	
4285	4.278280e-03	9.842549e-03	7.852911e-03	
4286	4.279280e-03	9.831249e-03	7.872652e-03	
4287	4.280280e-03	9.819561e-03	7.892083e-03	
4288	4.281280e-03	9.807485e-03	7.911201e-03	

Index   time            v(in)           v(out)          
--------------------------------------------------------------------------------
4289	4.282280e-03	9.795022e-03	7.930008e-03	
4290	4.283280e-03	9.782172e-03	7.948501e-03	
4291	4.284280e-03	9.768936e-03	7.966681e-03	
4292	4.285280e-03	9.755315e-03	7.984546e-03	
4293	4.286280e-03	9.741308e-03	8.002096e-03	
4294	4.287280e-03	9.726917e-03	8.019330e-03	
4295	4.288280e-03	9.712142e-03	8.036247e-03	
4296	4.289280e-03	9.696983e-03	8.052848e-03	
4297	4.290280e-03	9.681441e-03	8.069130e-03	
4298	4.291280e-03	9.665518e-03	8.085093e-03	
4299	4.292280e-03	9.649212e-03	8.100738e-03	
4300	4.293280e-03	9.632526e-03	8.116063e-03	
4301	4.294280e-03	9.615460e-03	8.131067e-03	
4302	4.295280e-03	9.598014e-03	8.145750e-03	
4303	4.296280e-03	9.580189e-03	8.160112e-03	
4304	4.297280e-03	9.561986e-03	8.174151e-03	
4305	4.298280e-03	9.543405e-03	8.187868e-03	
4306	4.299280e-03	9.524447e-03	8.201262e-03	
4307	4.300280e-03	9.505114e-03	8.214332e-03	
4308	4.301280e-03	9.485405e-03	8.227077e-03	
4309	4.302280e-03	9.465322e-03	8.239498e-03	
4310	4.303280e-03	9.444865e-03	8.251594e-03	
4311	4.304280e-03	9.424036e-03	8.263363e-03	
4312	4.305280e-03	9.402834e-03	8.274807e-03	
4313	4.306280e-03	9.381261e-03	8.285924e-03	
4314	4.307280e-03	9.359317e-03	8.296713e-03	
4315	4.308280e-03	9.337005e-03	8.307175e-03	
4316	4.309280e-03	9.314323e-03	8.317310e-03	
4317	4.310280e-03	9.291274e-03	8.327116e-03	
4318	4.311280e-03	9.267858e-03	8.336593e-03	
4319	4.312280e-03	9.244076e-03	8.345741e-03	
4320	4.313280e-03	9.219930e-03	8.354559e-03	
4321	4.314280e-03	9.195419e-03	8.363048e-03	
4322	4.315280e-03	9.170545e-03	8.371206e-03	
4323	4.316280e-03	9.145309e-03	8.379035e-03	
4324	4.317280e-03	9.119712e-03	8.386532e-03	
4325	4.318280e-03	9.093756e-03	8.393698e-03	
4326	4.319280e-03	9.067440e-03	8.400533e-03	
4327	4.320280e-03	9.040766e-03	8.407036e-03	
4328	4.321280e-03	9.013735e-03	8.413207e-03	
4329	4.322280e-03	8.986348e-03	8.419046e-03	
4330	4.323280e-03	8.958607e-03	8.424553e-03	
4331	4.324280e-03	8.930512e-03	8.429727e-03	
4332	4.325280e-03	8.902064e-03	8.434569e-03	
4333	4.326280e-03	8.873265e-03	8.439077e-03	
4334	4.327280e-03	8.844116e-03	8.443252e-03	
4335	4.328280e-03	8.814618e-03	8.447094e-03	
4336	4.329280e-03	8.784771e-03	8.450603e-03	
4337	4.330280e-03	8.754578e-03	8.453778e-03	
4338	4.331280e-03	8.724039e-03	8.456619e-03	
4339	4.332280e-03	8.693156e-03	8.459126e-03	
4340	4.333280e-03	8.661929e-03	8.461299e-03	
4341	4.334280e-03	8.630361e-03	8.463139e-03	
4342	4.335280e-03	8.598451e-03	8.464644e-03	
4343	4.336280e-03	8.566203e-03	8.465815e-03	
4344	4.337280e-03	8.533616e-03	8.466652e-03	
4345	4.338280e-03	8.500692e-03	8.467154e-03	
4346	4.339280e-03	8.467433e-03	8.467322e-03	

Index   time            v(in)           v(out)          
--------------------------------------------------------------------------------
4347	4.340280e-03	8.433839e-03	8.467156e-03	
4348	4.341280e-03	8.399913e-03	8.466656e-03	
4349	4.342280e-03	8.365655e-03	8.465821e-03	
4350	4.343280e-03	8.331066e-03	8.464653e-03	
4351	4.344280e-03	8.296149e-03	8.463150e-03	
4352	4.345280e-03	8.260904e-03	8.461313e-03	
4353	4.346280e-03	8.225333e-03	8.459142e-03	
4354	4.347280e-03	8.189438e-03	8.456637e-03	
4355	4.348280e-03	8.153219e-03	8.453798e-03	
4356	4.349280e-03	8.116678e-03	8.450625e-03	
4357	4.350280e-03	8.079817e-03	8.447119e-03	
4358	4.351280e-03	8.042636e-03	8.443279e-03	
4359	4.352280e-03	8.005139e-03	8.439106e-03	
4360	4.353280e-03	7.967325e-03	8.434600e-03	
4361	4.354280e-03	7.929196e-03	8.429761e-03	
4362	4.355280e-03	7.890755e-03	8.424589e-03	
4363	4.356280e-03	7.852002e-03	8.419084e-03	
4364	4.357280e-03	7.812939e-03	8.413247e-03	
4365	4.358280e-03	7.773568e-03	8.407078e-03	
4366	4.359280e-03	7.733890e-03	8.400577e-03	
4367	4.360280e-03	7.693906e-03	8.393744e-03	
4368	4.361280e-03	7.653619e-03	8.386580e-03	
4369	4.362280e-03	7.613030e-03	8.379085e-03	
4370	4.363280e-03	7.572140e-03	8.371259e-03	
4371	4.364280e-03	7.530951e-03	8.363103e-03	
4372	4.365280e-03	7.489465e-03	8.354617e-03	
4373	4.366280e-03	7.447683e-03	8.345800e-03	
4374	4.367280e-03	7.405607e-03	8.336654e-03	
4375	4.368280e-03	7.363239e-03	8.327179e-03	
4376	4.369280e-03	7.320580e-03	8.317376e-03	
4377	4.370280e-03	7.277632e-03	8.307244e-03	
4378	4.371280e-03	7.234397e-03	8.296784e-03	
4379	4.372280e-03	7.190876e-03	8.285996e-03	
4380	4.373280e-03	7.147071e-03	8.274882e-03	
4381	4.374280e-03	7.102984e-03	8.263440e-03	
4382	4.375280e-03	7.058617e-03	8.251673e-03	
4383	4.376280e-03	7.013971e-03	8.239579e-03	
4384	4.377280e-03	6.969048e-03	8.227161e-03	
4385	4.378280e-03	6.923850e-03	8.214417e-03	
4386	4.379280e-03	6.878379e-03	8.201350e-03	
4387	4.380280e-03	6.832636e-03	8.187958e-03	
4388	4.381280e-03	6.786623e-03	8.174243e-03	
4389	4.382280e-03	6.740343e-03	8.160206e-03	
4390	4.383280e-03	6.693796e-03	8.145846e-03	
4391	4.384280e-03	6.646985e-03	8.131165e-03	
4392	4.385280e-03	6.599912e-03	8.116163e-03	
4393	4.386280e-03	6.552578e-03	8.100841e-03	
4394	4.387280e-03	6.504985e-03	8.085198e-03	
4395	4.388280e-03	6.457136e-03	8.069237e-03	
4396	4.389280e-03	6.409032e-03	8.052956e-03	
4397	4.390280e-03	6.360674e-03	8.036358e-03	
4398	4.391280e-03	6.312066e-03	8.019443e-03	
4399	4.392280e-03	6.263208e-03	8.002211e-03	
4400	4.393280e-03	6.214104e-03	7.984663e-03	
4401	4.394280e-03	6.164753e-03	7.966800e-03	
4402	4.395280e-03	6.115160e-03	7.948623e-03	
4403	4.396280e-03	6.065325e-03	7.930131e-03	
4404	4.397280e-03	6.015251e-03	7.911327e-03	

Index   time            v(in)           v(out)          
--------------------------------------------------------------------------------
4405	4.398280e-03	5.964939e-03	7.892210e-03	
4406	4.399280e-03	5.914391e-03	7.872782e-03	
4407	4.400280e-03	5.863610e-03	7.853043e-03	
4408	4.401280e-03	5.812598e-03	7.832994e-03	
4409	4.402280e-03	5.761356e-03	7.812635e-03	
4410	4.403280e-03	5.709887e-03	7.791969e-03	
4411	4.404280e-03	5.658192e-03	7.770994e-03	
4412	4.405280e-03	5.606274e-03	7.749713e-03	
4413	4.406280e-03	5.554135e-03	7.728126e-03	
4414	4.407280e-03	5.501776e-03	7.706234e-03	
4415	4.408280e-03	5.449200e-03	7.684037e-03	
4416	4.409280e-03	5.396409e-03	7.661537e-03	
4417	4.410280e-03	5.343405e-03	7.638735e-03	
4418	4.411280e-03	5.290191e-03	7.615631e-03	
4419	4.412280e-03	5.236767e-03	7.592227e-03	
4420	4.413280e-03	5.183136e-03	7.568522e-03	
4421	4.414280e-03	5.129301e-03	7.544519e-03	
4422	4.415280e-03	5.075263e-03	7.520219e-03	
4423	4.416280e-03	5.021025e-03	7.495621e-03	
4424	4.417280e-03	4.966589e-03	7.470727e-03	
4425	4.418280e-03	4.911957e-03	7.445539e-03	
4426	4.419280e-03	4.857130e-03	7.420056e-03	
4427	4.420280e-03	4.802113e-03	7.394281e-03	
4428	4.421280e-03	4.746905e-03	7.368213e-03	
4429	4.422280e-03	4.691510e-03	7.341855e-03	
4430	4.423280e-03	4.635930e-03	7.315207e-03	
4431	4.424280e-03	4.580167e-03	7.288270e-03	
4432	4.425280e-03	4.524223e-03	7.261045e-03	
4433	4.426280e-03	4.468100e-03	7.233534e-03	
4434	4.427280e-03	4.411801e-03	7.205737e-03	
4435	4.428280e-03	4.355328e-03	7.177656e-03	
4436	4.429280e-03	4.298683e-03	7.149291e-03	
4437	4.430280e-03	4.241868e-03	7.120644e-03	
4438	4.431280e-03	4.184885e-03	7.091716e-03	
4439	4.432280e-03	4.127738e-03	7.062508e-03	
4440	4.433280e-03	4.070428e-03	7.033021e-03	
4441	4.434280e-03	4.012956e-03	7.003257e-03	
4442	4.435280e-03	3.955327e-03	6.973216e-03	
4443	4.436280e-03	3.897541e-03	6.942900e-03	
4444	4.437280e-03	3.839601e-03	6.912309e-03	
4445	4.438280e-03	3.781510e-03	6.881446e-03	
4446	4.439280e-03	3.723270e-03	6.850311e-03	
4447	4.440280e-03	3.664882e-03	6.818906e-03	
4448	4.441280e-03	3.606350e-03	6.787231e-03	
4449	4.442280e-03	3.547676e-03	6.755289e-03	
4450	4.443280e-03	3.488861e-03	6.723080e-03	
4451	4.444280e-03	3.429909e-03	6.690605e-03	
4452	4.445280e-03	3.370821e-03	6.657866e-03	
4453	4.446280e-03	3.311600e-03	6.624865e-03	
4454	4.447280e-03	3.252249e-03	6.591602e-03	
4455	4.448280e-03	3.192769e-03	6.558078e-03	
4456	4.449280e-03	3.133163e-03	6.524296e-03	
4457	4.450280e-03	3.073433e-03	6.490256e-03	
4458	4.451280e-03	3.013582e-03	6.455960e-03	
4459	4.452280e-03	2.953612e-03	6.421410e-03	
4460	4.453280e-03	2.893526e-03	6.386605e-03	
4461	4.454280e-03	2.833325e-03	6.351549e-03	
4462	4.455280e-03	2.773012e-03	6.316241e-03	

Index   time            v(in)           v(out)          
--------------------------------------------------------------------------------
4463	4.456280e-03	2.712590e-03	6.280685e-03	
4464	4.457280e-03	2.652061e-03	6.244880e-03	
4465	4.458280e-03	2.591427e-03	6.208829e-03	
4466	4.459280e-03	2.530691e-03	6.172533e-03	
4467	4.460280e-03	2.469855e-03	6.135993e-03	
4468	4.461280e-03	2.408921e-03	6.099211e-03	
4469	4.462280e-03	2.347892e-03	6.062188e-03	
4470	4.463280e-03	2.286771e-03	6.024926e-03	
4471	4.464280e-03	2.225559e-03	5.987426e-03	
4472	4.465280e-03	2.164260e-03	5.949689e-03	
4473	4.466280e-03	2.102875e-03	5.911718e-03	
4474	4.467280e-03	2.041407e-03	5.873513e-03	
4475	4.468280e-03	1.979858e-03	5.835076e-03	
4476	4.469280e-03	1.918231e-03	5.796409e-03	
4477	4.470280e-03	1.856529e-03	5.757514e-03	
4478	4.471280e-03	1.794753e-03	5.718391e-03	
4479	4.472280e-03	1.732907e-03	5.679042e-03	
4480	4.473280e-03	1.670991e-03	5.639469e-03	
4481	4.474280e-03	1.609010e-03	5.599673e-03	
4482	4.475280e-03	1.546966e-03	5.559656e-03	
4483	4.476280e-03	1.484860e-03	5.519420e-03	
4484	4.477280e-03	1.422696e-03	5.478966e-03	
4485	4.478280e-03	1.360476e-03	5.438295e-03	
4486	4.479280e-03	1.298202e-03	5.397410e-03	
4487	4.480280e-03	1.235876e-03	5.356312e-03	
4488	4.481280e-03	1.173502e-03	5.315002e-03	
4489	4.482280e-03	1.111082e-03	5.273483e-03	
4490	4.483280e-03	1.048617e-03	5.231755e-03	
4491	4.484280e-03	9.861115e-04	5.189821e-03	
4492	4.485280e-03	9.235668e-04	5.147682e-03	
4493	4.486280e-03	8.609857e-04	5.105339e-03	
4494	4.487280e-03	7.983706e-04	5.062795e-03	
4495	4.488280e-03	7.357240e-04	5.020052e-03	
4496	4.489280e-03	6.730483e-04	4.977110e-03	
4497	4.490280e-03	6.103460e-04	4.933971e-03	
4498	4.491280e-03	5.476197e-04	4.890638e-03	
4499	4.492280e-03	4.848717e-04	4.847112e-03	
4500	4.493280e-03	4.221046e-04	4.803394e-03	
4501	4.494280e-03	3.593208e-04	4.759487e-03	
4502	4.495280e-03	2.965229e-04	4.715392e-03	
4503	4.496280e-03	2.337132e-04	4.671110e-03	
4504	4.497280e-03	1.708943e-04	4.626645e-03	
4505	4.498280e-03	1.080687e-04	4.581996e-03	
4506	4.499280e-03	4.523878e-05	4.537167e-03	
4507	4.500280e-03	-1.75929e-05	4.492159e-03	
4508	4.501280e-03	-8.04239e-05	4.446973e-03	
4509	4.502280e-03	-1.43252e-04	4.401612e-03	
4510	4.503280e-03	-2.06074e-04	4.356076e-03	
4511	4.504280e-03	-2.68888e-04	4.310369e-03	
4512	4.505280e-03	-3.31691e-04	4.264492e-03	
4513	4.506280e-03	-3.94482e-04	4.218447e-03	
4514	4.507280e-03	-4.57256e-04	4.172235e-03	
4515	4.508280e-03	-5.20013e-04	4.125858e-03	
4516	4.509280e-03	-5.82749e-04	4.079318e-03	
4517	4.510280e-03	-6.45462e-04	4.032617e-03	
4518	4.511280e-03	-7.08150e-04	3.985757e-03	
4519	4.512280e-03	-7.70810e-04	3.938740e-03	
4520	4.513280e-03	-8.33439e-04	3.891567e-03	

Index   time            v(in)           v(out)          
--------------------------------------------------------------------------------
4521	4.514280e-03	-8.96035e-04	3.844241e-03	
4522	4.515280e-03	-9.58597e-04	3.796763e-03	
4523	4.516280e-03	-1.02112e-03	3.749135e-03	
4524	4.517280e-03	-1.08360e-03	3.701359e-03	
4525	4.518280e-03	-1.14604e-03	3.653436e-03	
4526	4.519280e-03	-1.20844e-03	3.605370e-03	
4527	4.520280e-03	-1.27078e-03	3.557161e-03	
4528	4.521280e-03	-1.33308e-03	3.508812e-03	
4529	4.522280e-03	-1.39533e-03	3.460324e-03	
4530	4.523280e-03	-1.45752e-03	3.411700e-03	
4531	4.524280e-03	-1.51965e-03	3.362941e-03	
4532	4.525280e-03	-1.58172e-03	3.314049e-03	
4533	4.526280e-03	-1.64373e-03	3.265027e-03	
4534	4.527280e-03	-1.70567e-03	3.215875e-03	
4535	4.528280e-03	-1.76755e-03	3.166597e-03	
4536	4.529280e-03	-1.82936e-03	3.117193e-03	
4537	4.530280e-03	-1.89109e-03	3.067667e-03	
4538	4.531280e-03	-1.95275e-03	3.018019e-03	
4539	4.532280e-03	-2.01434e-03	2.968252e-03	
4540	4.533280e-03	-2.07584e-03	2.918368e-03	
4541	4.534280e-03	-2.13726e-03	2.868369e-03	
4542	4.535280e-03	-2.19860e-03	2.818257e-03	
4543	4.536280e-03	-2.25985e-03	2.768033e-03	
4544	4.537280e-03	-2.32101e-03	2.717700e-03	
4545	4.538280e-03	-2.38208e-03	2.667260e-03	
4546	4.539280e-03	-2.44306e-03	2.616714e-03	
4547	4.540280e-03	-2.50394e-03	2.566065e-03	
4548	4.541280e-03	-2.56472e-03	2.515315e-03	
4549	4.542280e-03	-2.62539e-03	2.464466e-03	
4550	4.543280e-03	-2.68597e-03	2.413519e-03	
4551	4.544280e-03	-2.74644e-03	2.362477e-03	
4552	4.545280e-03	-2.80680e-03	2.311342e-03	
4553	4.546280e-03	-2.86705e-03	2.260115e-03	
4554	4.547280e-03	-2.92719e-03	2.208799e-03	
4555	4.548280e-03	-2.98721e-03	2.157396e-03	
4556	4.549280e-03	-3.04711e-03	2.105908e-03	
4557	4.550280e-03	-3.10690e-03	2.054337e-03	
4558	4.551280e-03	-3.16656e-03	2.002684e-03	
4559	4.552280e-03	-3.22609e-03	1.950953e-03	
4560	4.553280e-03	-3.28550e-03	1.899145e-03	
4561	4.554280e-03	-3.34478e-03	1.847261e-03	
4562	4.555280e-03	-3.40393e-03	1.795305e-03	
4563	4.556280e-03	-3.46294e-03	1.743278e-03	
4564	4.557280e-03	-3.52181e-03	1.691181e-03	
4565	4.558280e-03	-3.58055e-03	1.639019e-03	
4566	4.559280e-03	-3.63915e-03	1.586791e-03	
4567	4.560280e-03	-3.69760e-03	1.534501e-03	
4568	4.561280e-03	-3.75590e-03	1.482150e-03	
4569	4.562280e-03	-3.81406e-03	1.429741e-03	
4570	4.563280e-03	-3.87207e-03	1.377275e-03	
4571	4.564280e-03	-3.92992e-03	1.324755e-03	
4572	4.565280e-03	-3.98762e-03	1.272183e-03	
4573	4.566280e-03	-4.04516e-03	1.219560e-03	
4574	4.567280e-03	-4.10254e-03	1.166889e-03	
4575	4.568280e-03	-4.15976e-03	1.114173e-03	
4576	4.569280e-03	-4.21682e-03	1.061412e-03	
4577	4.570280e-03	-4.27370e-03	1.008609e-03	
4578	4.571280e-03	-4.33042e-03	9.557665e-04	

Index   time            v(in)           v(out)          
--------------------------------------------------------------------------------
4579	4.572280e-03	-4.38697e-03	9.028862e-04	
4580	4.573280e-03	-4.44335e-03	8.499703e-04	
4581	4.574280e-03	-4.49955e-03	7.970209e-04	
4582	4.575280e-03	-4.55557e-03	7.440399e-04	
4583	4.576280e-03	-4.61142e-03	6.910297e-04	
4584	4.577280e-03	-4.66708e-03	6.379921e-04	
4585	4.578280e-03	-4.72255e-03	5.849293e-04	
4586	4.579280e-03	-4.77784e-03	5.318435e-04	
4587	4.580280e-03	-4.83295e-03	4.787366e-04	
4588	4.581280e-03	-4.88786e-03	4.256108e-04	
4589	4.582280e-03	-4.94257e-03	3.724683e-04	
4590	4.583280e-03	-4.99710e-03	3.193110e-04	
4591	4.584280e-03	-5.05142e-03	2.661412e-04	
4592	4.585280e-03	-5.10555e-03	2.129608e-04	
4593	4.586280e-03	-5.15947e-03	1.597720e-04	
4594	4.587280e-03	-5.21319e-03	1.065769e-04	
4595	4.588280e-03	-5.26671e-03	5.337764e-05	
4596	4.589280e-03	-5.32002e-03	1.762380e-07	
4597	4.590280e-03	-5.37311e-03	-5.30252e-05	
4598	4.591280e-03	-5.42600e-03	-1.06224e-04	
4599	4.592280e-03	-5.47867e-03	-1.59420e-04	
4600	4.593280e-03	-5.53112e-03	-2.12608e-04	
4601	4.594280e-03	-5.58336e-03	-2.65789e-04	
4602	4.595280e-03	-5.63538e-03	-3.18959e-04	
4603	4.596280e-03	-5.68717e-03	-3.72116e-04	
4604	4.597280e-03	-5.73874e-03	-4.25259e-04	
4605	4.598280e-03	-5.79008e-03	-4.78385e-04	
4606	4.599280e-03	-5.84119e-03	-5.31492e-04	
4607	4.600280e-03	-5.89208e-03	-5.84578e-04	
4608	4.601280e-03	-5.94273e-03	-6.37641e-04	
4609	4.602280e-03	-5.99314e-03	-6.90678e-04	
4610	4.603280e-03	-6.04332e-03	-7.43689e-04	
4611	4.604280e-03	-6.09326e-03	-7.96670e-04	
4612	4.605280e-03	-6.14296e-03	-8.49620e-04	
4613	4.606280e-03	-6.19242e-03	-9.02536e-04	
4614	4.607280e-03	-6.24163e-03	-9.55416e-04	
4615	4.608280e-03	-6.29060e-03	-1.00826e-03	
4616	4.609280e-03	-6.33932e-03	-1.06106e-03	
4617	4.610280e-03	-6.38779e-03	-1.11382e-03	
4618	4.611280e-03	-6.43600e-03	-1.16654e-03	
4619	4.612280e-03	-6.48396e-03	-1.21921e-03	
4620	4.613280e-03	-6.53167e-03	-1.27183e-03	
4621	4.614280e-03	-6.57912e-03	-1.32441e-03	
4622	4.615280e-03	-6.62631e-03	-1.37693e-03	
4623	4.616280e-03	-6.67323e-03	-1.42939e-03	
4624	4.617280e-03	-6.71989e-03	-1.48180e-03	
4625	4.618280e-03	-6.76629e-03	-1.53415e-03	
4626	4.619280e-03	-6.81242e-03	-1.58644e-03	
4627	4.620280e-03	-6.85829e-03	-1.63867e-03	
4628	4.621280e-03	-6.90388e-03	-1.69084e-03	
4629	4.622280e-03	-6.94919e-03	-1.74293e-03	
4630	4.623280e-03	-6.99424e-03	-1.79496e-03	
4631	4.624280e-03	-7.03901e-03	-1.84692e-03	
4632	4.625280e-03	-7.08350e-03	-1.89880e-03	
4633	4.626280e-03	-7.12771e-03	-1.95061e-03	
4634	4.627280e-03	-7.17164e-03	-2.00234e-03	
4635	4.628280e-03	-7.21528e-03	-2.05399e-03	
4636	4.629280e-03	-7.25864e-03	-2.10557e-03	

Index   time            v(in)           v(out)          
--------------------------------------------------------------------------------
4637	4.630280e-03	-7.30172e-03	-2.15706e-03	
4638	4.631280e-03	-7.34450e-03	-2.20846e-03	
4639	4.632280e-03	-7.38700e-03	-2.25978e-03	
4640	4.633280e-03	-7.42921e-03	-2.31100e-03	
4641	4.634280e-03	-7.47112e-03	-2.36214e-03	
4642	4.635280e-03	-7.51273e-03	-2.41318e-03	
4643	4.636280e-03	-7.55405e-03	-2.46413e-03	
4644	4.637280e-03	-7.59508e-03	-2.51498e-03	
4645	4.638280e-03	-7.63580e-03	-2.56573e-03	
4646	4.639280e-03	-7.67622e-03	-2.61638e-03	
4647	4.640280e-03	-7.71633e-03	-2.66693e-03	
4648	4.641280e-03	-7.75615e-03	-2.71737e-03	
4649	4.642280e-03	-7.79565e-03	-2.76770e-03	
4650	4.643280e-03	-7.83485e-03	-2.81792e-03	
4651	4.644280e-03	-7.87374e-03	-2.86804e-03	
4652	4.645280e-03	-7.91232e-03	-2.91804e-03	
4653	4.646280e-03	-7.95059e-03	-2.96792e-03	
4654	4.647280e-03	-7.98854e-03	-3.01769e-03	
4655	4.648280e-03	-8.02618e-03	-3.06734e-03	
4656	4.649280e-03	-8.06350e-03	-3.11687e-03	
4657	4.650280e-03	-8.10050e-03	-3.16627e-03	
4658	4.651280e-03	-8.13718e-03	-3.21555e-03	
4659	4.652280e-03	-8.17354e-03	-3.26470e-03	
4660	4.653280e-03	-8.20958e-03	-3.31372e-03	
4661	4.654280e-03	-8.24529e-03	-3.36262e-03	
4662	4.655280e-03	-8.28068e-03	-3.41138e-03	
4663	4.656280e-03	-8.31574e-03	-3.46000e-03	
4664	4.657280e-03	-8.35048e-03	-3.50849e-03	
4665	4.658280e-03	-8.38488e-03	-3.55684e-03	
4666	4.659280e-03	-8.41895e-03	-3.60505e-03	
4667	4.660280e-03	-8.45269e-03	-3.65312e-03	
4668	4.661280e-03	-8.48610e-03	-3.70104e-03	
4669	4.662280e-03	-8.51917e-03	-3.74882e-03	
4670	4.663280e-03	-8.55191e-03	-3.79645e-03	
4671	4.664280e-03	-8.58430e-03	-3.84393e-03	
4672	4.665280e-03	-8.61636e-03	-3.89125e-03	
4673	4.666280e-03	-8.64808e-03	-3.93843e-03	
4674	4.667280e-03	-8.67946e-03	-3.98545e-03	
4675	4.668280e-03	-8.71049e-03	-4.03231e-03	
4676	4.669280e-03	-8.74118e-03	-4.07901e-03	
4677	4.670280e-03	-8.77153e-03	-4.12555e-03	
4678	4.671280e-03	-8.80153e-03	-4.17193e-03	
4679	4.672280e-03	-8.83118e-03	-4.21814e-03	
4680	4.673280e-03	-8.86048e-03	-4.26419e-03	
4681	4.674280e-03	-8.88944e-03	-4.31007e-03	
4682	4.675280e-03	-8.91804e-03	-4.35577e-03	
4683	4.676280e-03	-8.94629e-03	-4.40131e-03	
4684	4.677280e-03	-8.97419e-03	-4.44667e-03	
4685	4.678280e-03	-9.00173e-03	-4.49186e-03	
4686	4.679280e-03	-9.02892e-03	-4.53687e-03	
4687	4.680280e-03	-9.05575e-03	-4.58170e-03	
4688	4.681280e-03	-9.08222e-03	-4.62635e-03	
4689	4.682280e-03	-9.10834e-03	-4.67082e-03	
4690	4.683280e-03	-9.13409e-03	-4.71510e-03	
4691	4.684280e-03	-9.15949e-03	-4.75920e-03	
4692	4.685280e-03	-9.18452e-03	-4.80310e-03	
4693	4.686280e-03	-9.20919e-03	-4.84682e-03	
4694	4.687280e-03	-9.23350e-03	-4.89035e-03	

Index   time            v(in)           v(out)          
--------------------------------------------------------------------------------
4695	4.688280e-03	-9.25744e-03	-4.93368e-03	
4696	4.689280e-03	-9.28102e-03	-4.97682e-03	
4697	4.690280e-03	-9.30423e-03	-5.01977e-03	
4698	4.691280e-03	-9.32707e-03	-5.06251e-03	
4699	4.692280e-03	-9.34955e-03	-5.10506e-03	
4700	4.693280e-03	-9.37165e-03	-5.14740e-03	
4701	4.694280e-03	-9.39339e-03	-5.18954e-03	
4702	4.695280e-03	-9.41475e-03	-5.23148e-03	
4703	4.696280e-03	-9.43575e-03	-5.27321e-03	
4704	4.697280e-03	-9.45637e-03	-5.31473e-03	
4705	4.698280e-03	-9.47661e-03	-5.35604e-03	
4706	4.699280e-03	-9.49649e-03	-5.39714e-03	
4707	4.700280e-03	-9.51599e-03	-5.43803e-03	
4708	4.701280e-03	-9.53511e-03	-5.47870e-03	
4709	4.702280e-03	-9.55386e-03	-5.51915e-03	
4710	4.703280e-03	-9.57223e-03	-5.55939e-03	
4711	4.704280e-03	-9.59022e-03	-5.59941e-03	
4712	4.705280e-03	-9.60783e-03	-5.63921e-03	
4713	4.706280e-03	-9.62506e-03	-5.67878e-03	
4714	4.707280e-03	-9.64192e-03	-5.71813e-03	
4715	4.708280e-03	-9.65839e-03	-5.75726e-03	
4716	4.709280e-03	-9.67448e-03	-5.79615e-03	
4717	4.710280e-03	-9.69019e-03	-5.83482e-03	
4718	4.711280e-03	-9.70552e-03	-5.87326e-03	
4719	4.712280e-03	-9.72046e-03	-5.91147e-03	
4720	4.713280e-03	-9.73502e-03	-5.94944e-03	
4721	4.714280e-03	-9.74920e-03	-5.98718e-03	
4722	4.715280e-03	-9.76299e-03	-6.02468e-03	
4723	4.716280e-03	-9.77640e-03	-6.06194e-03	
4724	4.717280e-03	-9.78942e-03	-6.09897e-03	
4725	4.718280e-03	-9.80205e-03	-6.13575e-03	
4726	4.719280e-03	-9.81430e-03	-6.17229e-03	
4727	4.720280e-03	-9.82615e-03	-6.20859e-03	
4728	4.721280e-03	-9.83762e-03	-6.24464e-03	
4729	4.722280e-03	-9.84871e-03	-6.28045e-03	
4730	4.723280e-03	-9.85940e-03	-6.31601e-03	
4731	4.724280e-03	-9.86971e-03	-6.35132e-03	
4732	4.725280e-03	-9.87962e-03	-6.38637e-03	
4733	4.726280e-03	-9.88915e-03	-6.42118e-03	
4734	4.727280e-03	-9.89828e-03	-6.45573e-03	
4735	4.728280e-03	-9.90702e-03	-6.49003e-03	
4736	4.729280e-03	-9.91538e-03	-6.52407e-03	
4737	4.730280e-03	-9.92334e-03	-6.55786e-03	
4738	4.731280e-03	-9.93091e-03	-6.59138e-03	
4739	4.732280e-03	-9.93808e-03	-6.62465e-03	
4740	4.733280e-03	-9.94487e-03	-6.65765e-03	
4741	4.734280e-03	-9.95126e-03	-6.69039e-03	
4742	4.735280e-03	-9.95726e-03	-6.72287e-03	
4743	4.736280e-03	-9.96287e-03	-6.75508e-03	
4744	4.737280e-03	-9.96808e-03	-6.78702e-03	
4745	4.738280e-03	-9.97290e-03	-6.81870e-03	
4746	4.739280e-03	-9.97732e-03	-6.85010e-03	
4747	4.740280e-03	-9.98136e-03	-6.88124e-03	
4748	4.741280e-03	-9.98499e-03	-6.91211e-03	
4749	4.742280e-03	-9.98824e-03	-6.94270e-03	
4750	4.743280e-03	-9.99109e-03	-6.97302e-03	
4751	4.744280e-03	-9.99354e-03	-7.00306e-03	
4752	4.745280e-03	-9.99560e-03	-7.03283e-03	

Index   time            v(in)           v(out)          
--------------------------------------------------------------------------------
4753	4.746280e-03	-9.99727e-03	-7.06231e-03	
4754	4.747280e-03	-9.99854e-03	-7.09152e-03	
4755	4.748280e-03	-9.99942e-03	-7.12045e-03	
4756	4.749280e-03	-9.99990e-03	-7.14910e-03	
4757	4.750280e-03	-9.99998e-03	-7.17747e-03	
4758	4.751280e-03	-9.99968e-03	-7.20555e-03	
4759	4.752280e-03	-9.99897e-03	-7.23335e-03	
4760	4.753280e-03	-9.99788e-03	-7.26086e-03	
4761	4.754280e-03	-9.99638e-03	-7.28809e-03	
4762	4.755280e-03	-9.99450e-03	-7.31503e-03	
4763	4.756280e-03	-9.99222e-03	-7.34168e-03	
4764	4.757280e-03	-9.98954e-03	-7.36804e-03	
4765	4.758280e-03	-9.98647e-03	-7.39411e-03	
4766	4.759280e-03	-9.98301e-03	-7.41989e-03	
4767	4.760280e-03	-9.97915e-03	-7.44537e-03	
4768	4.761280e-03	-9.97489e-03	-7.47056e-03	
4769	4.762280e-03	-9.97025e-03	-7.49546e-03	
4770	4.763280e-03	-9.96521e-03	-7.52006e-03	
4771	4.764280e-03	-9.95978e-03	-7.54436e-03	
4772	4.765280e-03	-9.95395e-03	-7.56836e-03	
4773	4.766280e-03	-9.94773e-03	-7.59207e-03	
4774	4.767280e-03	-9.94112e-03	-7.61548e-03	
4775	4.768280e-03	-9.93411e-03	-7.63858e-03	
4776	4.769280e-03	-9.92672e-03	-7.66139e-03	
4777	4.770280e-03	-9.91893e-03	-7.68389e-03	
4778	4.771280e-03	-9.91075e-03	-7.70609e-03	
4779	4.772280e-03	-9.90217e-03	-7.72798e-03	
4780	4.773280e-03	-9.89321e-03	-7.74957e-03	
4781	4.774280e-03	-9.88386e-03	-7.77085e-03	
4782	4.775280e-03	-9.87412e-03	-7.79183e-03	
4783	4.776280e-03	-9.86398e-03	-7.81250e-03	
4784	4.777280e-03	-9.85346e-03	-7.83286e-03	
4785	4.778280e-03	-9.84255e-03	-7.85291e-03	
4786	4.779280e-03	-9.83125e-03	-7.87265e-03	
4787	4.780280e-03	-9.81956e-03	-7.89208e-03	
4788	4.781280e-03	-9.80748e-03	-7.91120e-03	
4789	4.782280e-03	-9.79502e-03	-7.93001e-03	
4790	4.783280e-03	-9.78217e-03	-7.94850e-03	
4791	4.784280e-03	-9.76894e-03	-7.96668e-03	
4792	4.785280e-03	-9.75531e-03	-7.98455e-03	
4793	4.786280e-03	-9.74131e-03	-8.00210e-03	
4794	4.787280e-03	-9.72692e-03	-8.01933e-03	
4795	4.788280e-03	-9.71214e-03	-8.03625e-03	
4796	4.789280e-03	-9.69698e-03	-8.05285e-03	
4797	4.790280e-03	-9.68144e-03	-8.06913e-03	
4798	4.791280e-03	-9.66552e-03	-8.08509e-03	
4799	4.792280e-03	-9.64921e-03	-8.10074e-03	
4800	4.793280e-03	-9.63253e-03	-8.11606e-03	
4801	4.794280e-03	-9.61546e-03	-8.13107e-03	
4802	4.795280e-03	-9.59801e-03	-8.14575e-03	
4803	4.796280e-03	-9.58019e-03	-8.16011e-03	
4804	4.797280e-03	-9.56199e-03	-8.17415e-03	
4805	4.798280e-03	-9.54340e-03	-8.18787e-03	
4806	4.799280e-03	-9.52445e-03	-8.20126e-03	
4807	4.800280e-03	-9.50511e-03	-8.21433e-03	
4808	4.801280e-03	-9.48541e-03	-8.22708e-03	
4809	4.802280e-03	-9.46532e-03	-8.23950e-03	
4810	4.803280e-03	-9.44487e-03	-8.25159e-03	

Index   time            v(in)           v(out)          
--------------------------------------------------------------------------------
4811	4.804280e-03	-9.42404e-03	-8.26336e-03	
4812	4.805280e-03	-9.40283e-03	-8.27481e-03	
4813	4.806280e-03	-9.38126e-03	-8.28592e-03	
4814	4.807280e-03	-9.35932e-03	-8.29671e-03	
4815	4.808280e-03	-9.33700e-03	-8.30718e-03	
4816	4.809280e-03	-9.31432e-03	-8.31731e-03	
4817	4.810280e-03	-9.29127e-03	-8.32712e-03	
4818	4.811280e-03	-9.26786e-03	-8.33659e-03	
4819	4.812280e-03	-9.24408e-03	-8.34574e-03	
4820	4.813280e-03	-9.21993e-03	-8.35456e-03	
4821	4.814280e-03	-9.19542e-03	-8.36305e-03	
4822	4.815280e-03	-9.17055e-03	-8.37121e-03	
4823	4.816280e-03	-9.14531e-03	-8.37903e-03	
4824	4.817280e-03	-9.11971e-03	-8.38653e-03	
4825	4.818280e-03	-9.09376e-03	-8.39370e-03	
4826	4.819280e-03	-9.06744e-03	-8.40053e-03	
4827	4.820280e-03	-9.04077e-03	-8.40704e-03	
4828	4.821280e-03	-9.01374e-03	-8.41321e-03	
4829	4.822280e-03	-8.98635e-03	-8.41905e-03	
4830	4.823280e-03	-8.95861e-03	-8.42455e-03	
4831	4.824280e-03	-8.93051e-03	-8.42973e-03	
4832	4.825280e-03	-8.90206e-03	-8.43457e-03	
4833	4.826280e-03	-8.87327e-03	-8.43908e-03	
4834	4.827280e-03	-8.84412e-03	-8.44325e-03	
4835	4.828280e-03	-8.81462e-03	-8.44709e-03	
4836	4.829280e-03	-8.78477e-03	-8.45060e-03	
4837	4.830280e-03	-8.75458e-03	-8.45378e-03	
4838	4.831280e-03	-8.72404e-03	-8.45662e-03	
4839	4.832280e-03	-8.69316e-03	-8.45913e-03	
4840	4.833280e-03	-8.66193e-03	-8.46130e-03	
4841	4.834280e-03	-8.63036e-03	-8.46314e-03	
4842	4.835280e-03	-8.59845e-03	-8.46464e-03	
4843	4.836280e-03	-8.56620e-03	-8.46581e-03	
4844	4.837280e-03	-8.53362e-03	-8.46665e-03	
4845	4.838280e-03	-8.50069e-03	-8.46715e-03	
4846	4.839280e-03	-8.46743e-03	-8.46732e-03	
4847	4.840280e-03	-8.43384e-03	-8.46716e-03	
4848	4.841280e-03	-8.39991e-03	-8.46666e-03	
4849	4.842280e-03	-8.36565e-03	-8.46582e-03	
4850	4.843280e-03	-8.33107e-03	-8.46465e-03	
4851	4.844280e-03	-8.29615e-03	-8.46315e-03	
4852	4.845280e-03	-8.26090e-03	-8.46131e-03	
4853	4.846280e-03	-8.22533e-03	-8.45914e-03	
4854	4.847280e-03	-8.18944e-03	-8.45664e-03	
4855	4.848280e-03	-8.15322e-03	-8.45380e-03	
4856	4.849280e-03	-8.11668e-03	-8.45063e-03	
4857	4.850280e-03	-8.07982e-03	-8.44712e-03	
4858	4.851280e-03	-8.04264e-03	-8.44328e-03	
4859	4.852280e-03	-8.00514e-03	-8.43911e-03	
4860	4.853280e-03	-7.96732e-03	-8.43460e-03	
4861	4.854280e-03	-7.92920e-03	-8.42976e-03	
4862	4.855280e-03	-7.89076e-03	-8.42459e-03	
4863	4.856280e-03	-7.85200e-03	-8.41908e-03	
4864	4.857280e-03	-7.81294e-03	-8.41325e-03	
4865	4.858280e-03	-7.77357e-03	-8.40708e-03	
4866	4.859280e-03	-7.73389e-03	-8.40058e-03	
4867	4.860280e-03	-7.69391e-03	-8.39374e-03	
4868	4.861280e-03	-7.65362e-03	-8.38658e-03	

Index   time            v(in)           v(out)          
--------------------------------------------------------------------------------
4869	4.862280e-03	-7.61303e-03	-8.37909e-03	
4870	4.863280e-03	-7.57214e-03	-8.37126e-03	
4871	4.864280e-03	-7.53095e-03	-8.36310e-03	
4872	4.865280e-03	-7.48946e-03	-8.35462e-03	
4873	4.866280e-03	-7.44768e-03	-8.34580e-03	
4874	4.867280e-03	-7.40561e-03	-8.33665e-03	
4875	4.868280e-03	-7.36324e-03	-8.32718e-03	
4876	4.869280e-03	-7.32058e-03	-8.31738e-03	
4877	4.870280e-03	-7.27763e-03	-8.30724e-03	
4878	4.871280e-03	-7.23440e-03	-8.29678e-03	
4879	4.872280e-03	-7.19088e-03	-8.28600e-03	
4880	4.873280e-03	-7.14707e-03	-8.27488e-03	
4881	4.874280e-03	-7.10298e-03	-8.26344e-03	
4882	4.875280e-03	-7.05862e-03	-8.25167e-03	
4883	4.876280e-03	-7.01397e-03	-8.23958e-03	
4884	4.877280e-03	-6.96905e-03	-8.22716e-03	
4885	4.878280e-03	-6.92385e-03	-8.21442e-03	
4886	4.879280e-03	-6.87838e-03	-8.20135e-03	
4887	4.880280e-03	-6.83264e-03	-8.18796e-03	
4888	4.881280e-03	-6.78662e-03	-8.17424e-03	
4889	4.882280e-03	-6.74034e-03	-8.16021e-03	
4890	4.883280e-03	-6.69380e-03	-8.14585e-03	
4891	4.884280e-03	-6.64699e-03	-8.13117e-03	
4892	4.885280e-03	-6.59991e-03	-8.11616e-03	
4893	4.886280e-03	-6.55258e-03	-8.10084e-03	
4894	4.887280e-03	-6.50499e-03	-8.08520e-03	
4895	4.888280e-03	-6.45714e-03	-8.06924e-03	
4896	4.889280e-03	-6.40903e-03	-8.05296e-03	
4897	4.890280e-03	-6.36067e-03	-8.03636e-03	
4898	4.891280e-03	-6.31207e-03	-8.01944e-03	
4899	4.892280e-03	-6.26321e-03	-8.00221e-03	
4900	4.893280e-03	-6.21410e-03	-7.98466e-03	
4901	4.894280e-03	-6.16475e-03	-7.96680e-03	
4902	4.895280e-03	-6.11516e-03	-7.94862e-03	
4903	4.896280e-03	-6.06532e-03	-7.93013e-03	
4904	4.897280e-03	-6.01525e-03	-7.91133e-03	
4905	4.898280e-03	-5.96494e-03	-7.89221e-03	
4906	4.899280e-03	-5.91439e-03	-7.87278e-03	
4907	4.900280e-03	-5.86361e-03	-7.85304e-03	
4908	4.901280e-03	-5.81260e-03	-7.83299e-03	
4909	4.902280e-03	-5.76136e-03	-7.81264e-03	
4910	4.903280e-03	-5.70989e-03	-7.79197e-03	
4911	4.904280e-03	-5.65819e-03	-7.77099e-03	
4912	4.905280e-03	-5.60627e-03	-7.74971e-03	
4913	4.906280e-03	-5.55413e-03	-7.72813e-03	
4914	4.907280e-03	-5.50178e-03	-7.70623e-03	
4915	4.908280e-03	-5.44920e-03	-7.68404e-03	
4916	4.909280e-03	-5.39641e-03	-7.66154e-03	
4917	4.910280e-03	-5.34341e-03	-7.63874e-03	
4918	4.911280e-03	-5.29019e-03	-7.61563e-03	
4919	4.912280e-03	-5.23677e-03	-7.59223e-03	
4920	4.913280e-03	-5.18314e-03	-7.56852e-03	
4921	4.914280e-03	-5.12930e-03	-7.54452e-03	
4922	4.915280e-03	-5.07526e-03	-7.52022e-03	
4923	4.916280e-03	-5.02103e-03	-7.49562e-03	
4924	4.917280e-03	-4.96659e-03	-7.47073e-03	
4925	4.918280e-03	-4.91196e-03	-7.44554e-03	
4926	4.919280e-03	-4.85713e-03	-7.42006e-03	

Index   time            v(in)           v(out)          
--------------------------------------------------------------------------------
4927	4.920280e-03	-4.80211e-03	-7.39428e-03	
4928	4.921280e-03	-4.74690e-03	-7.36821e-03	
4929	4.922280e-03	-4.69151e-03	-7.34185e-03	
4930	4.923280e-03	-4.63593e-03	-7.31521e-03	
4931	4.924280e-03	-4.58017e-03	-7.28827e-03	
4932	4.925280e-03	-4.52422e-03	-7.26105e-03	
4933	4.926280e-03	-4.46810e-03	-7.23353e-03	
4934	4.927280e-03	-4.41180e-03	-7.20574e-03	
4935	4.928280e-03	-4.35533e-03	-7.17766e-03	
4936	4.929280e-03	-4.29868e-03	-7.14929e-03	
4937	4.930280e-03	-4.24187e-03	-7.12064e-03	
4938	4.931280e-03	-4.18489e-03	-7.09172e-03	
4939	4.932280e-03	-4.12774e-03	-7.06251e-03	
4940	4.933280e-03	-4.07043e-03	-7.03302e-03	
4941	4.934280e-03	-4.01296e-03	-7.00326e-03	
4942	4.935280e-03	-3.95533e-03	-6.97322e-03	
4943	4.936280e-03	-3.89754e-03	-6.94290e-03	
4944	4.937280e-03	-3.83960e-03	-6.91231e-03	
4945	4.938280e-03	-3.78151e-03	-6.88145e-03	
4946	4.939280e-03	-3.72327e-03	-6.85031e-03	
4947	4.940280e-03	-3.66488e-03	-6.81891e-03	
4948	4.941280e-03	-3.60635e-03	-6.78723e-03	
4949	4.942280e-03	-3.54768e-03	-6.75529e-03	
4950	4.943280e-03	-3.48886e-03	-6.72308e-03	
4951	4.944280e-03	-3.42991e-03	-6.69061e-03	
4952	4.945280e-03	-3.37082e-03	-6.65787e-03	
4953	4.946280e-03	-3.31160e-03	-6.62486e-03	
4954	4.947280e-03	-3.25225e-03	-6.59160e-03	
4955	4.948280e-03	-3.19277e-03	-6.55808e-03	
4956	4.949280e-03	-3.13316e-03	-6.52430e-03	
4957	4.950280e-03	-3.07343e-03	-6.49026e-03	
4958	4.951280e-03	-3.01358e-03	-6.45596e-03	
4959	4.952280e-03	-2.95361e-03	-6.42141e-03	
4960	4.953280e-03	-2.89353e-03	-6.38661e-03	
4961	4.954280e-03	-2.83333e-03	-6.35155e-03	
4962	4.955280e-03	-2.77301e-03	-6.31624e-03	
4963	4.956280e-03	-2.71259e-03	-6.28068e-03	
4964	4.957280e-03	-2.65206e-03	-6.24488e-03	
4965	4.958280e-03	-2.59143e-03	-6.20883e-03	
4966	4.959280e-03	-2.53069e-03	-6.17253e-03	
4967	4.960280e-03	-2.46985e-03	-6.13599e-03	
4968	4.961280e-03	-2.40892e-03	-6.09921e-03	
4969	4.962280e-03	-2.34789e-03	-6.06219e-03	
4970	4.963280e-03	-2.28677e-03	-6.02493e-03	
4971	4.964280e-03	-2.22556e-03	-5.98743e-03	
4972	4.965280e-03	-2.16426e-03	-5.94969e-03	
4973	4.966280e-03	-2.10287e-03	-5.91172e-03	
4974	4.967280e-03	-2.04141e-03	-5.87351e-03	
4975	4.968280e-03	-1.97986e-03	-5.83508e-03	
4976	4.969280e-03	-1.91823e-03	-5.79641e-03	
4977	4.970280e-03	-1.85653e-03	-5.75751e-03	
4978	4.971280e-03	-1.79475e-03	-5.71839e-03	
4979	4.972280e-03	-1.73291e-03	-5.67904e-03	
4980	4.973280e-03	-1.67099e-03	-5.63947e-03	
4981	4.974280e-03	-1.60901e-03	-5.59967e-03	
4982	4.975280e-03	-1.54697e-03	-5.55966e-03	
4983	4.976280e-03	-1.48486e-03	-5.51942e-03	
4984	4.977280e-03	-1.42270e-03	-5.47897e-03	

Index   time            v(in)           v(out)          
--------------------------------------------------------------------------------
4985	4.978280e-03	-1.36048e-03	-5.43830e-03	
4986	4.979280e-03	-1.29820e-03	-5.39741e-03	
4987	4.980280e-03	-1.23588e-03	-5.35631e-03	
4988	4.981280e-03	-1.17350e-03	-5.31500e-03	
4989	4.982280e-03	-1.11108e-03	-5.27348e-03	
4990	4.983280e-03	-1.04862e-03	-5.23176e-03	
4991	4.984280e-03	-9.86112e-04	-5.18982e-03	
4992	4.985280e-03	-9.23567e-04	-5.14768e-03	
4993	4.986280e-03	-8.60986e-04	-5.10534e-03	
4994	4.987280e-03	-7.98371e-04	-5.06280e-03	
4995	4.988280e-03	-7.35724e-04	-5.02005e-03	
4996	4.989280e-03	-6.73048e-04	-4.97711e-03	
4997	4.990280e-03	-6.10346e-04	-4.93397e-03	
4998	4.991280e-03	-5.47620e-04	-4.89064e-03	
4999	4.992280e-03	-4.84872e-04	-4.84711e-03	
5000	4.993280e-03	-4.22105e-04	-4.80339e-03	
5001	4.994280e-03	-3.59321e-04	-4.75949e-03	
5002	4.995280e-03	-2.96523e-04	-4.71539e-03	
5003	4.996280e-03	-2.33713e-04	-4.67111e-03	
5004	4.997280e-03	-1.70894e-04	-4.62664e-03	
5005	4.998280e-03	-1.08069e-04	-4.58200e-03	
5006	4.999140e-03	-5.40351e-05	-4.54345e-03	
5007	5.000000e-03	-1.22465e-17	-4.50478e-03	


Total analysis time (seconds) = 0.0089091

Total elapsed time (seconds) = 0.047 

Total DRAM available = 23992.605 MB.
DRAM currently available = 5770.395 MB.
Maximum ngspice program size =   18.781 MB.
Current ngspice program size =   18.781 MB.

